all_repo_names,all_tool_names
KP2D,"
"
CN-DPM,"ipdb
,jupyterlab
,matplotlib
,numpy
,pyyaml
,tensorboard==1.13.1
,tensorboardx==1.6
,tensorflow==1.15.2
,pytorch==1.0.1
,torchvision==0.2.2
,tqdm
"
GLAD,"matplotlib==3.2.1
,networkx==2.4
,pandas==1.0.3
,numpy==1.18.3
,torch==1.5.0+cu101
,scipy==1.4.1
,scikit_learn==0.22.2.post1
"
bert_score,"# pytorch
,torch>=1.0.0
,# progress bars in model download and training scripts
,tqdm>=4.31.1
,# bert
,transformers>=2.0.0
,matplotlib
,pandas>=1.0.1
,numpy
"
delay_stability,"scipy==1.4.1
,matplotlib==3.2.1
,torchvision==0.6.0+cu101
,six==1.12.0
,torch==1.5.0+cu101
,bokeh==1.4.0
,pandas==1.0.3
,numpy==1.18.3
,hyperdash==0.15.3
,ipdb==0.13.2
"
word2ket,"torch==1.5.0+cu101
,gpytorch==1.1.1
,rouge==1.0.0
"
UniversalCertificationTheory,"numpy==1.18.3
"
smile-mi-estimator,"numpy==1.18.3
,torch==1.5.0+cu101
"
mamus,"cython==0.27.3
,numpy==1.17.4
,scipy==1.3.3
,spams==2.6.1
"
impact-driven-exploration,"certifi==2019.11.28
,cffi==1.13.2
,cloudpickle==1.2.2
,future==0.18.2
,gitdb2==2.0.6
,gitpython==3.0.5
,gym==0.15.4
,gym-super-mario-bros==7.3.0
,mkl-fft==1.0.15
,mkl-random==1.1.0
,mkl-service==2.3.0
,nes-py==8.1.1
,numpy==1.17.4
,olefile==0.46
,opencv-python==4.1.2.30
,pillow==6.2.1
,pycparser==2.19
,pyglet==1.3.2
,pyqt5==5.13.2
,pyqt5-sip==12.7.0
,scipy==1.3.3
,six==1.13.0
,smmap2==2.0.5
,torch==1.1.0
,torchvision==0.3.0
,tqdm==4.40.2
,vizdoom==1.1.7
"
InfoGraph,"seaborn==0.10.1
,tqdm==4.38.0
,numpy==1.18.3
,torch==1.5.0+cu101
,matplotlib==3.2.1
,pandas==1.0.3
,scikit_learn==0.22.2.post1
,torch_geometric==1.4.3
"
IGMC,"h5py==2.10.0
,torch==1.5.0+cu101
,pandas==1.0.3
,matplotlib==3.2.1
,networkx==2.4
,scipy==1.4.1
,tqdm==4.38.0
,numpy==1.18.3
,scikit_learn==0.22.2.post1
,torch_geometric==1.4.3
"
stable-nalu,"numpy==1.18.3
,torchvision==0.6.0+cu101
,pandas==1.0.3
,tqdm==4.38.0
,torch==1.5.0+cu101
,tensorflow==2.2.0rc3
,scipy==1.4.1
,nose==1.3.7
,tensorboardx==2.0
"
KG-A2C,"requests==2.23.0
,torch==1.5.0+cu101
,spacy==2.2.4
,networkx==2.4
,pandas==1.0.3
,numpy==1.18.3
,tensorflow==2.2.0rc3
,fuzzywuzzy==0.18.0
,jericho==3.0.2
,redis==3.5.0
,sentencepiece==0.1.86
"
hilloc,"scipy==1.4.1
,opencv_python==4.1.2.30
,tensorflow==2.2.0rc3
,tqdm==4.38.0
,numpy==1.18.3
,matplotlib==3.2.1
,autograd==1.3
,fuel==0.2.0
,observations==0.1.4
"
Multi-View-Information-Bottleneck,"numpy==1.18.3
,tqdm==4.38.0
,torch==1.5.0+cu101
,torchvision==0.6.0+cu101
,pillow==7.1.2
,pyyaml==5.3.1
,scikit_learn==0.22.2.post1
"
Incremental-Learning,"keras==2.3.1
,numpy==1.18.3
,tensorflow==2.2.0rc3
,matplotlib==3.2.1
,scikit_learn==0.22.2.post1
"
GraphSAINT,"tensorflow==2.2.0rc3
,scipy==1.4.1
,torch==1.5.0+cu101
,numpy==1.18.3
,networkx==2.4
,cython==0.29.17
,pyyaml==5.3.1
,scikit_learn==0.22.2.post1
"
mbu-content-tansfer,"torchvision==0.6.0+cu101
,torch==1.5.0+cu101
,pillow==7.1.2
"
complex-order,"pandas==1.0.3
,keras==2.3.1
,spacy==2.2.4
,torchtext==0.3.1
,gensim==3.6.0
,numpy==1.18.3
,scipy==1.4.1
,matplotlib==3.2.1
,torch==1.5.0+cu101
,nltk==3.2.5
,chardet==3.0.4
,tensorflow==2.2.0rc3
,tqdm==4.38.0
,apex==0.9.10dev
,asposestorage==1.0.2
,scikit_learn==0.22.2.post1
,tensorly==0.4.5
"
augmix,"numpy>=1.15.0
,pillow>=6.1.0
,torch==1.2.0
,torchvision==0.2.2
"
sparse_deconvolution,"
"
MABN,"opencv_python==4.1.2.30
,h5py==2.10.0
,pycocotools==2.0.0
,tqdm==4.38.0
,matplotlib==3.2.1
,torch==1.5.0+cu101
,numpy==1.18.3
,torchvision==0.6.0+cu101
,scipy==1.4.1
,apex==0.9.10dev
,cityscapesscripts==1.4.0
,ipython==7.14.0
,pillow==7.1.2
,yacs==0.1.7
"
nonnormal-init,"keras==2.3.1
,torch==1.5.0+cu101
,numpy==1.18.3
,scipy==1.4.1
"
DeepSpeechDistances,"numpy==1.18.3
,scipy==1.4.1
,tqdm==4.38.0
,resampy==0.2.2
,tensorflow==2.2.0rc3
,python_speech_features==0.6
,tensorflow_gan==2.0.0
"
Target-Agnostic-Attack,"keras_applications==1.0.8
,tensorflow==2.2.0rc3
,keras==2.3.1
,numpy==1.18.3
"
iclr_paper_mdfa,"tqdm==4.38.0
,seaborn==0.10.1
,matplotlib==3.2.1
,tensorflow==2.2.0rc3
,opencv_python==4.1.2.30
,numpy==1.18.3
,scikit_learn==0.22.2.post1
"
ICLR2020-PADGN,"geopy==1.17.0
,torch==1.5.0+cu101
,pandas==1.0.3
,scipy==1.4.1
,matplotlib==3.2.1
,tqdm==4.38.0
,networkx==2.4
,numpy==1.18.3
,dgl==0.4.3.post2
,geopandas==0.7.0
,pymap3d==2.4.0
,pyyaml==5.3.1
,scikit_learn==0.22.2.post1
,tensorboardx==2.0
,torch_geometric==1.4.3
,torch_scatter==2.0.4
,torch_sparse==0.6.1
,utm==0.5.0
"
selection-via-proxy,"tqdm==4.38.0
,torchvision==0.6.0+cu101
,click==7.1.2
,scipy==1.4.1
,torch==1.5.0+cu101
,typing_extensions==3.6.6
,pandas==1.0.3
,numpy==1.18.3
,apex==0.9.10dev
"
kWTA-Activation,"tqdm==4.38.0
,torch==1.5.0+cu101
,torchvision==0.6.0+cu101
,matplotlib==3.2.1
,numpy==1.18.3
,foolbox==3.0.0
"
VHE-GAN,"numpy==1.18.3
,pandas==1.0.3
,six==1.12.0
,torch==1.5.0+cu101
,scipy==1.4.1
,torchvision==0.6.0+cu101
,easydict==1.9
,pillow==7.1.2
,python_dateutil==2.8.1
,pyyaml==5.3.1
,tensorboardx==2.0
"
IDA,"torch==1.5.0+cu101
,matplotlib==3.2.1
,numpy==1.18.3
,pandas==1.0.3
,tqdm==4.38.0
"
UCB,"torch==1.5.0+cu101
,torchvision==0.6.0+cu101
,numpy==1.18.3
,pillow==7.1.2
,scikit_learn==0.22.2.post1
"
deep-skill-chaining,"numpy==1.18.3
,tensorflow==2.2.0rc3
,imageio==2.4.1
,seaborn==0.10.1
,gin_config==0.3.0
,torch==1.5.0+cu101
,scipy==1.4.1
,matplotlib==3.2.1
,dm_control==0.0.300771433
,gin==0.1.006
,mujoco_py==2.0.2.9
,pillow==7.1.2
,pygame==1.9.6
,scikit_learn==0.22.2.post1
,simple_rl==0.811
,tensorboardx==2.0
,tf_agents==0.4.0
"
VL-BERT,"easydict
,jsonlines
,matplotlib
,networkx
,numpy
,opencv-python
,pandas
,pillow
,protobuf==3.10.0
,pycocotools
,pyyaml
,regex==2019.8.19
,requests==2.22.0
,scikit-image
,scipy
,tensorboard
,tensorboardx
,tensorflow
,tqdm
,urllib3
,boto3
"
meta-learning-curiosity-algorithms," tensorboardx
, sklearn
, numpy
, matplotlib
, torch-ac
, gym
, gym-minigrid
, colored_traceback
, graphviz
, gym[atari]
, box2d-py
, opencv-python
, torchvision
, pybullet
, tqdm
, tensorflow-gpu
, kdtree"
mmr-universal,"pandas==1.0.3
,torch==1.5.0+cu101
,tensorflow==2.2.0rc3
,scipy==1.4.1
,torchvision==0.6.0+cu101
,numpy==1.18.3
,cleverhans==3.0.1
,robustml==0.0.3
"
Data-Independent-Neural-Pruning-via-Coresets,"torch==1.5.0+cu101
,numpy==1.18.3
"
LAMOL,"gputil==1.4.0
,pytorch-transformers==1.2.0
,torch>=1.2.0
"
CS-GNN,"torch==1.0.1
,torchvision==0.2.2
,numpy==1.16.2
,scikit-learn==0.20.3
,tqdm==4.32.2
,networkx==2.2
,pygsp==0.5.1
,pandas==0.24.2"
fedavgpy,"scipy==1.4.1
,torchvision==0.6.0+cu101
,matplotlib==3.2.1
,numpy==1.18.3
,torch==1.5.0+cu101
,ipython==7.14.0
,mat4py==0.4.3
,pillow==7.1.2
,tensorboardx==2.0
"
eval-nas,"tensorboardx
,scipy
,ipython
,networkx
"
IBA-paper-code,"# this file may be used to create an environment using:
,# $ conda create --name <env> --file <this file>
,# platform: linux-64
,_anaconda_depends=5.1.0=py36_2
,_libgcc_mutex=0.1=main
,absl-py=0.7.1=py36_0
,alabaster=0.7.12=py_0
,anaconda=custom=py36_1
,anaconda-client=1.7.2=py_0
,anaconda-project=0.8.3=py_0
,asn1crypto=0.24.0=py36_1003
,astor=0.7.1=py_0
,astroid=2.2.5=py36_0
,astropy=3.2.1=py36h516909a_0
,atomicwrites=1.3.0=py_0
,attrs=19.1.0=py_0
,babel=2.7.0=py_0
,backcall=0.1.0=py_0
,backports=1.0=py_2
,backports.os=0.1.1=py36_1001
,backports.shutil_get_terminal_size=1.0.0=py_3
,beautifulsoup4=4.8.0=py36_0
,binutils_impl_linux-64=2.31.1=h6176602_1
,binutils_linux-64=2.31.1=h6176602_8
,bitarray=1.0.1=py36h516909a_0
,bkcharts=0.2=py36_0
,blaze=0.11.3=py36_0
,bleach=3.1.0=py_0
,blosc=1.17.0=he1b5a44_0
,bokeh=1.3.4=py36_0
,boto=2.49.0=py_0
,bottleneck=1.2.1=py36h3010b51_1001
,bzip2=1.0.8=h516909a_0
,c-ares=1.15.0=h516909a_1001
,ca-certificates=2019.6.16=hecc5488_0
,cairo=1.16.0=hfb77d84_1002
,certifi=2019.6.16=py36_1
,cffi=1.12.3=py36h8022711_0
,chardet=3.0.4=py36_1003
,click=7.0=py_0
,cloudpickle=1.2.1=py_0
,clyent=1.2.2=py_1
,colorama=0.4.1=py_0
,contextlib2=0.5.5=py_2
,cryptography=2.7=py36h72c5cf5_0
,cuda100=1.0=0
,cudatoolkit=10.0.130=0
,cudnn=7.6.0=cuda10.0_0
,curl=7.65.3=hf8cf82a_0
,cycler=0.10.0=py_1
,cython=0.29.13=py36he1b5a44_0
,cytoolz=0.10.0=py36h516909a_0
,dask=2.3.0=py_0
,dask-core=2.3.0=py_0
,datashape=0.5.4=py_1
,dbus=1.13.6=he372182_0
,decorator=4.4.0=py_0
,defusedxml=0.5.0=py_1
,distributed=2.3.0=py_0
,docutils=0.15.2=py36_0
,entrypoints=0.3=py36_1000
,et_xmlfile=1.0.1=py_1001
,expat=2.2.5=he1b5a44_1003
,fastcache=1.1.0=py36h516909a_0
,ffmpeg=4.1.3=h167e202_0
,filelock=3.0.10=py_0
,flake8=3.7.8=py36_1
,flask=1.1.1=py_1
,flask-cors=3.0.8=py_0
,fontconfig=2.13.1=h86ecdb6_1001
,freetype=2.10.0=he983fc9_1
,fribidi=1.0.5=h516909a_1002
,fsspec=0.4.1=py_0
,gast=0.2.2=py_0
,gcc_impl_linux-64=7.3.0=habb00fd_1
,gcc_linux-64=7.3.0=h553295d_8
,get_terminal_size=1.0.0=haa9412d_0
,gettext=0.19.8.1=hc5be6a0_1002
,gevent=1.4.0=py36h14c3975_0
,giflib=5.1.9=h516909a_0
,glib=2.58.3=h6f030ca_1002
,glob2=0.7=py_0
,gmp=6.1.2=hf484d3e_1000
,gmpy2=2.1.0b1=py36h04dde30_0
,gnutls=3.6.5=hd3a4fd2_1002
,graphite2=1.3.13=hf484d3e_1000
,greenlet=0.4.15=py36h516909a_0
,grpcio=1.22.0=py36he9ae1f9_0
,gst-plugins-base=1.14.5=h0935bb2_0
,gstreamer=1.14.5=h36ae1b5_0
,gxx_impl_linux-64=7.3.0=hdf63c60_1
,gxx_linux-64=7.3.0=h553295d_8
,h5py=2.9.0=nompi_py36h513d04c_1104
,harfbuzz=2.4.0=h9f30f68_2
,hdf5=1.10.5=nompi_h3c11f04_1102
,heapdict=1.0.0=py36_1000
,html5lib=1.0.1=py_0
,icu=64.2=he1b5a44_0
,idna=2.8=py36_1000
,imageio=2.5.0=py36_0
,imagesize=1.1.0=py_0
,importlib_metadata=0.18=py36_0
,intel-openmp=2019.4=243
,ipykernel=5.1.2=py36h5ca1d4c_0
,ipython=7.7.0=py36h5ca1d4c_0
,ipython_genutils=0.2.0=py_1
,ipywidgets=7.5.1=py_0
,isort=4.3.21=py36_0
,itsdangerous=1.1.0=py_0
,jasper=1.900.1=h07fcdf6_1006
,jbig=2.1=h14c3975_2001
,jdcal=1.4.1=py_0
,jedi=0.15.1=py36_0
,jeepney=0.4.1=py_0
,jinja2=2.10.1=py_0
,joblib=0.13.2=py_0
,jpeg=9c=h14c3975_1001
,json5=0.8.5=py_0
,jsonschema=3.0.2=py36_0
,jupyter=1.0.0=py_2
,jupyter_client=5.3.1=py_0
,jupyter_console=6.0.0=py_0
,jupyter_core=4.4.0=py_0
,jupyterlab=1.0.6=py36_0
,jupyterlab_launcher=0.13.1=py_2
,jupyterlab_server=1.0.4=py_0
,keras=2.2.4=py36_1
,keras-applications=1.0.7=py_1
,keras-preprocessing=1.0.9=py_1
,keyring=19.0.2=py36_0
,kiwisolver=1.1.0=py36hc9558a2_0
,krb5=1.16.3=h05b26f9_1001
,lame=3.100=h14c3975_1001
,lazy-object-proxy=1.4.1=py36h516909a_0
,libblas=3.8.0=12_openblas
,libcblas=3.8.0=12_openblas
,libcurl=7.65.3=hda55be3_0
,libedit=3.1.20170329=hf8c457e_1001
,libffi=3.2.1=he1b5a44_1006
,libgcc-ng=9.1.0=hdf63c60_0
,libgfortran-ng=7.3.0=hdf63c60_0
,libgpuarray=0.7.6=h14c3975_1003
,libiconv=1.15=h516909a_1005
,liblapack=3.8.0=12_openblas
,liblapacke=3.8.0=12_openblas
,libopenblas=0.3.7=h6e990d7_1
,libpng=1.6.37=hed695b0_0
,libprotobuf=3.9.1=h8b12597_0
,libsodium=1.0.17=h516909a_0
,libssh2=1.8.2=h22169c7_2
,libstdcxx-ng=9.1.0=hdf63c60_0
,libtiff=4.0.10=h57b8799_1003
,libtool=2.4.6=h14c3975_1002
,libuuid=2.32.1=h14c3975_1000
,libuv=1.30.1=h516909a_0
,libwebp=1.0.2=h576950b_1
,libxcb=1.13=h14c3975_1002
,libxml2=2.9.9=hee79883_2
,libxslt=1.1.32=h31b3aaa_1004
,llvmlite=0.29.0=py36hfd453ef_1
,locket=0.2.0=py_2
,lxml=4.4.1=py36h7ec2d77_0
,lz4-c=1.8.3=he1b5a44_1001
,lzo=2.10=h14c3975_1000
,mako=1.1.0=py_0
,markdown=3.1.1=py_0
,markupsafe=1.1.1=py36h14c3975_0
,matplotlib=3.1.1=py36_1
,matplotlib-base=3.1.1=py36he7580a8_1
,mccabe=0.6.1=py_1
,mistune=0.8.4=py36h14c3975_1000
,mkl=2019.4=243
,mkl-service=2.1.0=py36h516909a_0
,mock=3.0.5=py36_0
,more-itertools=7.2.0=py_0
,mpc=1.1.0=hb20f59a_1006
,mpfr=4.0.2=ha14ba45_0
,mpmath=1.1.0=py_0
,msgpack-python=0.6.1=py36h6bb024c_0
,multipledispatch=0.6.0=py_0
,nbconvert=5.6.0=py_0
,nbformat=4.4.0=py_1
,ncurses=6.1=hf484d3e_1002
,nettle=3.4.1=h1bed415_1002
,networkx=2.3=py_0
,ninja=1.9.0=h6bb024c_0
,nltk=3.4.4=py_0
,nodejs=12.8.1=h10a4023_0
,nose=1.3.7=py36_1002
,notebook=6.0.0=py36_0
,numba=0.45.1=py36hb3f55d8_0
,numexpr=2.7.0=py36hb3f55d8_0
,numpy=1.17.0=py36h95a1406_0
,numpydoc=0.9.1=py_0
,odo=0.5.1=py_1
,olefile=0.46=py_0
,opencv=4.1.1=py36ha799480_1
,openh264=1.8.0=hdbcaa40_1000
,openpyxl=2.6.3=py_0
,openssl=1.1.1c=h516909a_0
,packaging=19.0=py_0
,pandas=0.25.0=py36hb3f55d8_0
,pandoc=2.7.3=0
,pandocfilters=1.4.2=py_1
,pango=1.42.4=ha030887_1
,parso=0.5.1=py_0
,partd=1.0.0=py_0
,patchelf=0.10=he1b5a44_0
,path.py=12.0.1=py_0
,pathlib2=2.3.4=py36_0
,patsy=0.5.1=py_0
,pcre=8.41=hf484d3e_1003
,pep8=1.7.1=py_0
,pexpect=4.7.0=py36_0
,pickleshare=0.7.5=py36_1000
,pillow=6.1.0=py36h6b7be26_1
,pip=19.2.2=py36_0
,pixman=0.38.0=h516909a_1003
,pkginfo=1.5.0.1=py_0
,pluggy=0.12.0=py_0
,ply=3.11=py_1
,prometheus_client=0.7.1=py_0
,prompt_toolkit=2.0.9=py_0
,protobuf=3.9.1=py36he1b5a44_0
,psutil=5.6.3=py36h516909a_0
,pthread-stubs=0.4=h14c3975_1001
,ptyprocess=0.6.0=py_1001
,py=1.8.0=py_0
,pycodestyle=2.5.0=py_0
,pycosat=0.6.3=py36h14c3975_1001
,pycparser=2.19=py36_1
,pycrypto=2.6.1=py36h14c3975_1002
,pycurl=7.43.0.2=py36h16ce93b_1
,pyflakes=2.1.1=py_0
,pygments=2.4.2=py_0
,pygpu=0.7.6=py36h3010b51_1000
,pylint=2.3.1=py36_0
,pymongo=3.8.0=py36he1b5a44_0
,pyodbc=4.0.27=py36he1b5a44_0
,pyopenssl=19.0.0=py36_0
,pyparsing=2.4.2=py_0
,pyqt=5.9.2=py36hcca6a23_2
,pyrsistent=0.15.4=py36h516909a_0
,pysocks=1.7.0=py36_0
,pytables=3.5.2=py36h9f153d1_2
,pytest=5.0.1=py36_0
,pytest-arraydiff=0.3=py_0
,pytest-astropy=0.5.0=py_0
,pytest-doctestplus=0.3.0=py_0
,pytest-flake8=1.0.4=py36_0
,pytest-openfiles=0.4.0=py_0
,pytest-remotedata=0.3.1=py_0
,python=3.6.7=h357f687_1005
,python-dateutil=2.8.0=py_0
,python-lmdb=0.96=py36he1b5a44_0
,pytorch=1.2.0=py3.6_cuda10.0.130_cudnn7.6.2_0
,pytz=2019.2=py_0
,pywavelets=1.0.3=py36hd352d35_1
,pyyaml=5.1.2=py36h516909a_0
,pyzmq=18.0.2=py36h1768529_2
,qt=5.9.7=h0c104cb_3
,qtawesome=0.6.0=py_0
,qtconsole=4.5.3=py_0
,qtpy=1.9.0=py_0
,readline=8.0=hf8c457e_0
,requests=2.22.0=py36_1
,rope=0.14.0=py_0
,ruamel_yaml=0.15.71=py36h14c3975_1000
,scikit-image=0.15.0=py36hb3f55d8_2
,scikit-learn=0.21.3=py36hcdab131_0
,scipy=1.3.1=py36h921218d_2
,seaborn=0.9.0=py_1
,secretstorage=3.1.1=py36_0
,send2trash=1.5.0=py_0
,setuptools=41.0.1=py36_0
,simplegeneric=0.8.1=py_1
,singledispatch=3.4.0.3=py36_1000
,sip=4.19.8=py36hf484d3e_1000
,six=1.12.0=py36_1000
,snowballstemmer=1.9.0=py_0
,sortedcollections=1.1.2=py_0
,sortedcontainers=2.1.0=py_0
,soupsieve=1.9.3=py36_0
,sphinx=2.2.0=py_0
,sphinxcontrib=1.0=py36_1
,sphinxcontrib-applehelp=1.0.1=py_0
,sphinxcontrib-devhelp=1.0.1=py_0
,sphinxcontrib-htmlhelp=1.0.2=py_0
,sphinxcontrib-jsmath=1.0.1=py_0
,sphinxcontrib-qthelp=1.0.2=py_0
,sphinxcontrib-serializinghtml=1.1.1=py_0
,sphinxcontrib-websupport=1.1.2=py_0
,spyder=3.3.6=py36_0
,spyder-kernels=0.5.1=py36_0
,sqlalchemy=1.3.7=py36h516909a_0
,sqlite=3.29.0=hcee41ef_0
,statsmodels=0.10.1=py36hc1659b7_0
,sympy=1.4=py36_0
,tblib=1.4.0=py_0
,tensorboard=1.13.1=py36_0
,tensorflow=1.13.1=py36h90a7d86_1
,tensorflow-estimator=1.13.0=py_0
,termcolor=1.1.0=py_2
,terminado=0.8.2=py36_0
,testpath=0.4.2=py_1001
,theano=1.0.4=py36hf484d3e_1000
,tk=8.6.9=hed695b0_1002
,toolz=0.10.0=py_0
,torchvision=0.4.0=py36_cu100
,tornado=6.0.3=py36h516909a_0
,tqdm=4.34.0=py_0
,traitlets=4.3.2=py36_1000
,typed-ast=1.4.0=py36h516909a_0
,typing=3.6.4=py36_0
,unicodecsv=0.14.1=py_1
,unixodbc=2.3.7=h227dcee_1000
,urllib3=1.25.3=py36_0
,wcwidth=0.1.7=py_1
,webencodings=0.5.1=py_1
,werkzeug=0.15.5=py_0
,wheel=0.33.6=py36_0
,widgetsnbextension=3.5.1=py36_0
,wrapt=1.11.2=py36h516909a_0
,wurlitzer=1.0.3=py36_0
,x264=1!152.20180806=h14c3975_0
,xlrd=1.2.0=py_0
,xlsxwriter=1.1.8=py_0
,xlwt=1.3.0=py_1
,xorg-kbproto=1.0.7=h14c3975_1002
,xorg-libice=1.0.10=h516909a_0
,xorg-libsm=1.2.3=h84519dc_1000
,xorg-libx11=1.6.8=h516909a_0
,xorg-libxau=1.0.9=h14c3975_0
,xorg-libxdmcp=1.1.3=h516909a_0
,xorg-libxext=1.3.4=h516909a_0
,xorg-libxrender=0.9.10=h516909a_1002
,xorg-renderproto=0.11.1=h14c3975_1002
,xorg-xextproto=7.3.0=h14c3975_1002
,xorg-xproto=7.0.31=h14c3975_1007
,xz=5.2.4=h14c3975_1001
,yaml=0.1.7=h14c3975_1001
,zeromq=4.3.2=he1b5a44_2
,zict=1.0.0=py_0
,zipp=0.5.2=py_0
,zlib=1.2.11=h516909a_1005
,zsh=5.6.2=hf8c457e_1000
,zstd=1.4.0=h3b9ef0a_0
"
PAC-confidence-set,"scipy==1.4.1
,numpy==1.18.3
,matplotlib==3.2.1
,torchvision==0.6.0+cu101
,torch==1.5.0+cu101
,alarm==3.0
,heart==0.1.0
,otb==0.2.1
,wine==0.0.1
"
MAD,"numpy==1.18.3
,matplotlib==3.2.1
,pandas==1.0.3
,torch==1.5.0+cu101
,torchvision==0.6.0+cu101
,scikit_image==0.16.2
,scipy==1.4.1
,efficientnet_pytorch==0.6.3
,flickrapi==2.4.0
,google_api_python_client==1.8.2
,pillow==7.1.2
,pretrainedmodels==0.7.4
,scikit_learn==0.22.2.post1
,skimage==0.0
"
attackbox,"matplotlib==3.2.1
,pytest==3.6.4
,scipy==1.4.1
,numpy==1.18.3
,torchvision==0.6.0+cu101
,torch==1.5.0+cu101
,mock==4.0.2
,pillow==7.1.2
,randomgen==1.18.1
"
cophy,"torchvision==0.6.0+cu101
,numpy==1.18.3
,imageio==2.4.1
,opencv_python==4.1.2.30
,tqdm==4.38.0
,scikit_image==0.16.2
,matplotlib==3.2.1
,torch==1.5.0+cu101
,ipdb==0.13.2
,pillow==7.1.2
,pybullet==2.7.5
,skimage==0.0
"
FreeLB,"psutil==5.4.8
,h5py==2.10.0
,torch==1.5.0+cu101
,matplotlib==3.2.1
,packaging==20.3
,fastprogress==0.2.3
,tqdm==4.38.0
,tensorflow==2.2.0rc3
,numpy==1.18.3
,scipy==1.4.1
,ptvsd==5.0.0a12
,jieba==0.42.1
,regex==2019.12.20
,requests==2.23.0
,pyarrow==0.14.1
,filelock==3.0.12
,tensorflow_datasets==2.1.0
,boto3==1.12.47
,absl_py==0.9.0
,torchvision==0.6.0+cu101
,spacy==2.2.4
,botocore==1.15.47
,nltk==3.2.5
,torchtext==0.3.1
,absl==0.0
,apex==0.9.10dev
,colorama==0.4.3
,comet_ml==3.1.6
,fastapi==0.54.1
,fastbpe==0.1.0
,ftfy==5.7
,gitpython==3.1.1
,ipython==7.14.0
,mecab==0.996.2
,pillow==7.1.2
,pydantic==1.5.1
,pythainlp==2.1.4
,rouge==1.0.0
,sacrebleu==1.4.9
,sacremoses==0.0.41
,scikit_learn==0.22.2.post1
,sentencepiece==0.1.86
,seqeval==0.0.12
,soundfile==0.10.3.post1
,subword_nmt==0.3.7
,tensorboardx==2.0
,tokenizers==0.7.0
,torchaudio==0.5.0
,uvicorn==0.11.5
"
PlasmaML,"
"
habitat-api,"gym==0.10.9
,numpy>=1.16.1
,yacs>=0.1.5
,numpy-quaternion>=2019.3.18.14.33.20
,attrs>=19.1.0
,opencv-python>=3.3.0
,# visualization optional dependencies
,imageio>=2.2.0
,imageio-ffmpeg>=0.2.0
,scipy>=1.0.0
,tqdm>=4.0.0
,numba>=0.44.0
"
node,"torch>=1.1.0
,numpy>=0.13
,scipy>=1.2.0
,scikit-learn>=0.17
,catboost==0.12.2
,xgboost==0.81
,matplotlib
,tqdm
,tensorboardx
,pandas
,prefetch_generator
,https://github.com/facebookresearch/qhoptim/archive/master.zip
"
RidgeRegression,"tensorflow==2.2.0rc3
,keras==2.3.1
,scipy==1.4.1
,pandas==1.0.3
,numpy==1.18.3
,matplotlib==3.2.1
"
degen,"tqdm
,numpy
,nltk
,spacy
,scipy"
ICLR-2020,"torchvision==0.6.0+cu101
,torch==1.5.0+cu101
,matplotlib==3.2.1
,numpy==1.18.3
,seaborn==0.10.1
,ipython==7.14.0
,tensorboardx==2.0
"
CompGCN,"torch==1.4.0
,ordered_set==3.1
,numpy==1.16.2
,torch_scatter==2.0.4
,scikit_learn==0.21.1
"
geom-gcn,"numpy==1.18.3
,networkx==2.4
,scipy==1.4.1
,torch==1.5.0+cu101
,dgl==0.4.3.post2
,scikit_learn==0.22.2.post1
,tensorboardx==2.0
"
knnlm,"spacy==2.2.4
,torch==1.5.0+cu101
,regex==2019.12.20
,tqdm==4.38.0
,nltk==3.2.5
,h5py==2.10.0
,numpy==1.18.3
,boto3==1.12.47
,cython==0.29.17
,botocore==1.15.47
,pyarrow==0.14.1
,requests==2.23.0
,apex==0.9.10dev
,faiss==1.5.3
,fastbpe==0.1.0
,fvcore==0.1.dev200424
,pytorch_transformers==1.2.0
,sacrebleu==1.4.9
,sacremoses==0.0.41
,sentencepiece==0.1.86
,soundfile==0.10.3.post1
,subword_nmt==0.3.7
,tensorboardx==2.0
,torchaudio==0.5.0
"
ddsp,"absl_py==0.9.0
,tensorflow_datasets==2.1.0
,librosa==0.6.3
,scipy==1.4.1
,tensorflow==2.2.0rc3
,matplotlib==3.2.1
,numpy==1.18.3
,absl==0.0
,apache_beam==2.20.0
,crepe==0.0.11
,ipython==7.14.0
,protobuf==3.11.3
,pydub==0.23.1
"
metadrop,"numpy==1.18.3
,requests==2.23.0
,tqdm==4.38.0
,matplotlib==3.2.1
,tensorflow==2.2.0rc3
,scikit_learn==0.22.2.post1
"
learning-circuits,"python>=3.6
,pytorch>=1.0
,ray>=0.6.5
,sacred
,numpy
"
pytorch-ensembles,"scipy==1.4.1
,numpy==1.18.3
,pandas==1.0.3
,tqdm==4.38.0
,tabulate==0.8.7
,torchvision==0.6.0+cu101
,torch==1.5.0+cu101
,gpytorch==1.1.1
,scikit_learn==0.22.2.post1
"
NADST,"torch==1.5.0+cu101
,numpy==1.18.3
,tqdm==4.38.0
"
codes,"
"
ALBERT,"# run pip install --upgrade pip if tensorflow 1.15 cannot be found
,tensorflow==1.15.2   # cpu version of tensorflow
,tensorflow_hub==0.7
,# tensorflow-gpu==1.15  # gpu version of tensorflow
,sentencepiece
"
gsplinets,"tensorflow==2.2.0rc3
,absl_py==0.9.0
,numpy==1.18.3
,h5py==2.10.0
,absl==0.0
,scikit_learn==0.22.2.post1
"
neural-tangent-kernel-UCI,"numpy==1.18.3
,scikit_learn==0.22.2.post1
"
rio-paper,"tensorflow==1.12.0
,gpflow==1.3.0
,matplotlib==3.0.3
,numpy==1.16.2
,scikit-learn==0.20.3
,pandas==0.24.2
"
RLFAT,"numpy==1.18.3
,keras==2.3.1
,opencv_python==4.1.2.30
,scikit_image==0.16.2
,tensorflow==2.2.0rc3
,skimage==0.0
"
How-to-0wn-NAS-in-Your-Spare-Time,"matplotlib==3.1.2
,networkx==2.4
,numpy==1.17.4
"
phattacks,"torchvision==0.6.0+cu101
,opencv_python==4.1.2.30
,torchsummary==1.5.1
,scipy==1.4.1
,torch==1.5.0+cu101
,statsmodels==0.10.2
,matplotlib==3.2.1
,numpy==1.18.3
,foolbox==3.0.0
,pillow==7.1.2
,torchfile==0.1.0
"
four_things_batch_norm,"tensorflow==2.2.0rc3
"
Explorer,"tqdm==4.31.1
,psutil==5.6.6
,opencv_python==4.1.0.25
,matplotlib==3.0.3
,numpy==1.15.4
,seaborn==0.9.0
,torch==1.1.0
,pandas==0.24.2
,gym==0.12.4
,tensorboardx==1.7
"
neural-imaging,"tensorboard==2.1.0
,tensorflow-gpu==2.1.0
,numpy==1.18.1
,scipy==1.4.1
,scikit-image==0.16.2
,colour-demosaicing
,rawkit
,exifread
,tqdm
,imageio
,matplotlib
,tikzplotlib
,sewar
,dahuffman
,sklearn
,python-levenshtein
,latex
,pdf2image
,loguru"
sparsity-normalization,"
"
NDQ,"absl-py==0.5.0
,atomicwrites==1.2.1
,attrs==18.2.0
,certifi==2018.8.24
,chardet==3.0.4
,cycler==0.10.0
,docopt==0.6.2
,enum34==1.1.6
,future==0.16.0
,idna==2.7
,imageio==2.4.1
,jsonpickle==0.9.6
,kiwisolver==1.0.1
,matplotlib==3.0.0
,mock==2.0.0
,more-itertools==4.3.0
,mpyq==0.2.5
,munch==2.3.2
,numpy==1.15.2
,pathlib2==2.3.2
,pbr==4.3.0
,pillow==5.3.0
,pluggy==0.7.1
,portpicker==1.2.0
,probscale==0.2.3
,protobuf==3.6.1
,py==1.6.0
,pygame==1.9.4
,pyparsing==2.2.2
,pysc2==2.0.2
,pytest==3.8.2
,python-dateutil==2.7.3
,pyyaml==3.13
,requests==2.19.1
,s2clientprotocol==4.6.1.68195.0
,sacred==0.7.2
,scipy==1.1.0
,six==1.11.0
,sk-video==1.1.10
,snakeviz==1.0.0
,tensorboard-logger==0.1.0
,torch==0.4.1
,torchvision==0.2.1
,tornado==5.1.1
,urllib3==1.23
,websocket-client==0.53.0
,whichcraft==0.5.2
,wrapt==1.10.11
,git+https://github.com/oxwhirl/smac.git
"
ASN,"absl-py==0.5.0
,atomicwrites==1.2.1
,attrs==18.2.0
,certifi==2018.8.24
,chardet==3.0.4
,cycler==0.10.0
,docopt==0.6.2
,enum34==1.1.6
,future==0.16.0
,idna==2.7
,imageio==2.4.1
,jsonpickle==0.9.6
,kiwisolver==1.0.1
,matplotlib==3.0.0
,mock==2.0.0
,more-itertools==4.3.0
,mpyq==0.2.5
,munch==2.3.2
,numpy==1.15.2
,pathlib2==2.3.2
,pbr==4.3.0
,pillow==5.3.0
,pluggy==0.7.1
,portpicker==1.2.0
,probscale==0.2.3
,protobuf==3.6.1
,py==1.6.0
,pygame==1.9.4
,pyparsing==2.2.2
,pysc2==2.0.2
,pytest==3.8.2
,python-dateutil==2.7.3
,pyyaml==3.13
,requests==2.19.1
,s2clientprotocol==4.6.1.68195.0
,sacred==0.7.2
,scipy==1.1.0
,six==1.11.0
,sk-video==1.1.10
,snakeviz==1.0.0
,tensorboard-logger==0.1.0
,torch==0.4.1
,torchvision==0.2.1
,tornado==5.1.1
,urllib3==1.23
,websocket-client==0.53.0
,whichcraft==0.5.2
,wrapt==1.10.11
,git+https://github.com/oxwhirl/smac.git
"
difftaichi,"taichi==0.5.13
,matplotlib
,numpy
"
group_DRO,"scipy==1.4.1
,pandas==1.0.3
,tqdm==4.38.0
,torchvision==0.6.0+cu101
,matplotlib==3.2.1
,numpy==1.18.3
,torch==1.5.0+cu101
,pillow==7.1.2
,pytorch_transformers==1.2.0
,scikit_learn==0.22.2.post1
"
mma_training,"torch>=1.0.0
,torchvision>=0.2.1
,advertorch>=0.2.2
"
EMPIR,"scipy
,tensorflow
,keras
,matplotlib
"
AtomNAS,"torch>=1.0
,torchvision>=0.3
,pyyaml>=3.13
,lmdb
,pyarrow
,pillow-simd
,tqdm
"
Regularized_autoencoders-RAE-,"absl-py==0.8.0
,astor==0.8.0
,gast==0.2.2
,google-pasta==0.1.7
,grpcio==1.24.1
,h5py==2.10.0
,imageio==2.8.0
,keras==2.3.1
,keras-applications==1.0.8
,keras-preprocessing==1.1.0
,markdown==3.1.1
,numpy==1.17.2
,opt-einsum==3.1.0
,pillow==7.0.0
,pkg-resources==0.0.0
,protobuf==3.10.0
,pyyaml==5.1.2
,scipy==1.3.1
,six==1.12.0
,tensorboard==2.0.0
,tensorflow==2.0.0
,tensorflow-estimator==2.0.0
,termcolor==1.1.0
,werkzeug==0.16.0
,wrapt==1.11.2
"
APoT_Quantization,"numpy==1.18.3
,torchvision==0.6.0+cu101
,matplotlib==3.2.1
,torch==1.5.0+cu101
,tensorboardx==2.0
"
kge,"pandas==1.0.3
,torch==1.5.0+cu101
,numba==0.48.0
,dataclasses==0.7
,numpy==1.18.3
,ax==0.48.0
,path.py==12.4.0
,pyyaml==5.3.1
"
Neural-SLAM,"matplotlib
,tensorboard
,seaborn==0.9.0
,imageio==2.6.0
,scikit-fmm==2019.1.30
,scikit-image==0.15.0
,scikit-learn==0.22.2.post1
"
certifiedpatchdefense,"matplotlib==3.2.1
,torch==1.5.0+cu101
,torchvision==0.6.0+cu101
,numpy==1.18.3
,tqdm==4.38.0
,pillow==7.1.2
"
LMRS,"numpy==1.18.3
,torch==1.5.0+cu101
,click==7.1.2
,gym==0.17.1
,cma==3.0.3
,ray==0.8.4
,tensorboardx==2.0
"
estimating-gradients-without-replacement,"numpy==1.18.3
,tensorflow==2.2.0rc3
,tqdm==4.38.0
,torch==1.5.0+cu101
"
Distributional-Signatures,"torchtext==0.3.1
,torch==1.5.0+cu101
,tqdm==4.38.0
,termcolor==1.1.0
,numpy==1.18.3
,transformers==2.8.0
"
GansFallingShort,"matplotlib==3.2.1
,torch==1.5.0+cu101
,nltk==3.2.5
,numpy==1.18.3
,seaborn==0.10.1
,pillow==7.1.2
,tensorboardx==2.0
"
Equivalence,"
"
neural_3d_mapping,"
"
ZMZM-ICLR-2020,"numpy==1.18.3
,scipy==1.4.1
"
WhiteNoiseAnalysis,"
"
multi-agent-emergence-environments,"cloudpickle==1.3.0
,tensorflow==2.2.0rc3
,click==7.1.2
,scipy==1.4.1
,numpy==1.18.3
,gym==0.17.1
,baselines==0.1.5
,glfw==1.11.0
,mujoco_py==2.0.2.9
"
BayesOpt_Attack,"torch==1.5.0+cu101
,tensorflow==2.2.0rc3
,scipy==1.4.1
,numpy==1.18.3
,six==1.12.0
,gpy==1.9.9
,gpyopt==1.2.6
,pillow==7.1.2
,pydoe==0.3.8
"
OptimalStrategiesAgainstGenerativeAttacks,"colorama==0.4.1
,opencv-python==4.1.0.25
,matplotlib==2.1.2
,numpy==1.16.4
,pandas==0.24.2
,pip==20.0.2
,plotly==4.6.0
,scikit-learn==0.21.2
,seaborn==0.9.0
,tensorboard
,tensorboardx==1.7
,tensorflow
,torch==1.2.0
,torchvision==0.4.0
,tqdm==4.32.1"
NSM,"absl-py==0.6.1
,alabaster==0.7.11
,anaconda-client==1.7.2
,anaconda-project==0.8.2
,appdirs==1.4.3
,asn1crypto==0.24.0
,astor==0.7.1
,astroid==2.0.4
,astropy==3.0.4
,atomicwrites==1.2.1
,attrs==18.2.0
,automat==0.7.0
,babel==2.6.0
,backcall==0.1.0
,backports.shutil-get-terminal-size==1.0.0
,beautifulsoup4==4.6.3
,billiard==3.5.0.5
,bitarray==0.8.3
,bkcharts==0.2
,blaze==0.11.3
,bleach==2.1.4
,bokeh==0.13.0
,boto==2.49.0
,boto3==1.9.67
,botocore==1.12.67
,bottleneck==1.2.1
,bz2file==0.98
,certifi==2018.11.29
,cffi==1.11.5
,chardet==3.0.4
,click==6.7
,cloudpickle==0.5.5
,clyent==1.2.2
,colorama==0.3.9
,comtypes==1.1.7
,constantly==15.1.0
,contextlib2==0.5.5
,cryptography==2.4.2
,cycler==0.10.0
,cython==0.28.5
,cytoolz==0.9.0.1
,dask==0.19.1
,datashape==0.5.4
,decorator==4.3.0
,defusedxml==0.5.0
,distributed==1.23.1
,docutils==0.14
,editdistance==0.5.2
,entrypoints==0.2.3
,et-xmlfile==1.0.1
,fastcache==1.0.2
,filelock==3.0.8
,flask==1.0.2
,flask-cors==3.0.6
,fonttools==3.33.0
,future==0.17.1
,gast==0.2.0
,gensim==3.6.0
,gevent==1.3.6
,glob2==0.6
,greenlet==0.4.15
,grpcio==1.16.1
,gym==0.10.9
,h5py==2.8.0
,heapdict==1.0.0
,html5lib==1.0.1
,hyperlink==18.0.0
,idna==2.7
,imageio==2.4.1
,imagesize==1.1.0
,imgaug==0.2.6
,incremental==17.5.0
,ipykernel==4.9.0
,ipython==6.5.0
,ipython-genutils==0.2.0
,ipywidgets==7.4.1
,isort==4.3.4
,itsdangerous==0.24
,jdcal==1.4
,jedi==0.12.1
,jinja2==2.10
,jmespath==0.9.3
,jsonschema==2.6.0
,jupyter==1.0.0
,jupyter-client==5.2.3
,jupyter-console==5.2.0
,jupyter-core==4.4.0
,jupyterlab==0.34.9
,jupyterlab-launcher==0.13.1
,keras==2.2.4
,keras-applications==1.0.6
,keras-preprocessing==1.0.5
,keyring==13.2.1
,kiwisolver==1.0.1
,lazy-object-proxy==1.3.1
,llvmlite==0.24.0
,locket==0.2.0
,lxml==4.2.5
,markdown==3.0.1
,markupsafe==1.0
,matplotlib==2.2.3
,mccabe==0.6.1
,menuinst==1.4.14
,mistune==0.8.3
,mkl-fft==1.0.4
,mkl-random==1.0.1
,more-itertools==4.3.0
,mpmath==1.0.0
,msgpack==0.5.6
,multipledispatch==0.6.0
,natsort==5.5.0
,nbconvert==5.4.0
,nbformat==4.4.0
,networkx==2.1
,nltk==3.3
,nose==1.3.7
,notebook==5.6.0
,numba==0.39.0
,numexpr==2.6.8
,numpy==1.15.1
,numpydoc==0.8.0
,odo==0.5.1
,olefile==0.46
,opencv-python==3.4.4.19
,openpyxl==2.5.6
,packaging==17.1
,pandas==0.23.4
,pandocfilters==1.4.2
,parso==0.3.1
,partd==0.3.8
,path.py==11.1.0
,pathlib2==2.3.2
,patsy==0.5.0
,pep8==1.7.1
,pickleshare==0.7.4
,pillow==5.2.0
,pkginfo==1.4.2
,pluggy==0.7.1
,ply==3.11
,prometheus-client==0.3.1
,prompt-toolkit==1.0.15
,protobuf==3.6.1
,psutil==5.4.7
,py==1.6.0
,pyasn1==0.4.4
,pyasn1-modules==0.2.2
,pycodestyle==2.4.0
,pycosat==0.6.3
,pycparser==2.18
,pycrypto==2.6.1
,pycurl==7.43.0.2
,pyflakes==2.0.0
,pyglet==1.3.2
,pygments==2.2.0
,pylint==2.1.1
,pyodbc==4.0.24
,pyopenssl==18.0.0
,pyparsing==2.2.0
,pysocks==1.6.8
,pytest==3.8.0
,pytest-arraydiff==0.2
,pytest-astropy==0.4.0
,pytest-doctestplus==0.1.3
,pytest-openfiles==0.3.0
,pytest-remotedata==0.3.0
,python-dateutil==2.7.3
,pytz==2018.5
,pywavelets==1.0.0
,pywin32==223
,pywinpty==0.5.4
,pyyaml==3.13
,pyzmq==17.1.2
,qtawesome==0.4.4
,qtconsole==4.4.1
,qtpy==1.5.0
,requests==2.19.1
,rope==0.11.0
,ruamel-yaml==0.15.46
,s3transfer==0.1.13
,scikit-image==0.14.0
,scikit-learn==0.19.2
,scipy==1.1.0
,seaborn==0.9.0
,send2trash==1.5.0
,service-identity==17.0.0
,simplegeneric==0.8.1
,singledispatch==3.4.0.3
,six==1.11.0
,smart-open==1.7.1
,snowballstemmer==1.2.1
,sortedcollections==1.0.1
,sortedcontainers==2.0.5
,sphinx==1.7.9
,sphinxcontrib-websupport==1.1.0
,spyder==3.3.1
,spyder-kernels==0.2.6
,sqlalchemy==1.2.11
,statsmodels==0.9.0
,sympy==1.2
,tables==3.4.4
,tblib==1.3.2
,tensorboard==1.12.0
,tensorboard-logger==0.1.0
,tensorflow==1.12.0
,tensorflow-gpu==1.12.0
,termcolor==1.1.0
,terminado==0.8.1
,testpath==0.3.1
,textdistance==3.0.3
,toolz==0.9.0
,torch==1.0.0
,torchfile==0.1.0
,torchvision==0.2.1
,tornado==5.1
,tqdm==4.26.0
,traitlets==4.3.2
,twisted==18.7.0
,typed-ast==1.1.0
,unicodecsv==0.14.1
,urllib3==1.23
,visdom==0.1.8.8
,wcwidth==0.1.7
,webencodings==0.5.1
,websocket-client==0.54.0
,werkzeug==0.14.1
,widgetsnbextension==3.4.1
,win-inet-pton==1.0.1
,win-unicode-console==0.5
,wincertstore==0.2
,wrapt==1.10.11
,xlrd==1.1.0
,xlsxwriter==1.1.0
,xlwings==0.11.8
,xlwt==1.3.0
,zict==0.1.3
,zope.interface==4.5.0
"
dnn-gating,"numpy==1.18.3
,torch==1.5.0+cu101
,matplotlib==3.2.1
,torchvision==0.6.0+cu101
"
lnfmm,"nltk==3.2.5
,scipy==1.4.1
,numpy==1.18.3
,tqdm==4.38.0
,pycocotools==2.0.0
,torchvision==0.6.0+cu101
,torch==1.5.0+cu101
,pillow==7.1.2
"
Mixup-Inference,"scipy==1.4.1
,tensorflow==2.2.0rc3
,tqdm==4.38.0
,matplotlib==3.2.1
,torchvision==0.6.0+cu101
,h5py==2.10.0
,torch==1.5.0+cu101
,numpy==1.18.3
,coloredlogs==14.0
,mxnet==1.6.0
,pillow==7.1.2
"
RepDistiller,"numpy==1.18.3
,torch==1.5.0+cu101
,torchvision==0.6.0+cu101
,pillow==7.1.2
,tensorboard_logger==0.1.0
"
PairNorm,"torch==1.5.0+cu101
,numpy==1.18.3
,scipy==1.4.1
,torch_geometric==1.4.3
,torch_scatter==2.0.4
,torch_sparse==0.6.1
"
adversarial-negative-sampling,"tensorflow==2.2.0rc3
,h5py==2.10.0
,tqdm==4.38.0
,numpy==1.18.3
"
why-clipping-accelerates,"numpy==1.18.3
,torch==1.5.0+cu101
"
saliency_maps,"absl-py==0.7.0
,astor==0.7.1
,atari-py==0.1.7
,baselines==0.1.5
,certifi==2018.11.29
,cffi==1.12.1
,chardet==3.0.4
,click==7.0
,cloudpickle==0.8.0
,cycler==0.10.0
,cython==0.29.5
,decorator==4.4.0
,dill==0.2.9
,future==0.17.1
,gast==0.2.2
,glfw==1.7.1
,google-pasta==0.1.7
,grpcio==1.18.0
,gym==0.10.5
,h5py==2.9.0
,idna==2.8
,imageio==2.5.0
,joblib==0.13.2
,keras==2.2.4
,keras-applications==1.0.7
,keras-preprocessing==1.0.9
,keras-vis==0.4.1
,kiwisolver==1.0.1
,lockfile==0.12.2
,logger==1.4
,markdown==3.0.1
,matplotlib==3.0.2
,mpi4py==3.0.1
,mujoco-py==1.50.1.68
,networkx==2.3
,numpy==1.16.1
,openai-shim==0.0.1
,opencv-python==4.0.0.21
,pandas==0.24.1
,pillow==5.4.1
,progressbar2==3.39.2
,protobuf==3.6.1
,pycparser==2.19
,pygame==1.9.4
,pyglet==1.3.2
,pyopengl==3.1.0
,pyparsing==2.3.1
,python-dateutil==2.8.0
,python-utils==2.3.0
,pytz==2018.9
,pywavelets==1.0.3
,pyyaml==5.1
,requests==2.21.0
,scikit-image==0.15.0
,scipy==1.2.1
,six==1.12.0
,tensorboard==1.12.2
,tensorflow==1.12.2
,tensorflow-estimator==1.14.0
,termcolor==1.1.0
,torch==1.0.1.post2
,tqdm==4.31.1
,urllib3==1.24.1
,werkzeug==0.14.1
,wrapt==1.11.2
"
conservative-uncertainty-estimation-random-priors,"mkl
,numpy
,scipy
,pandas
,sklearn
,tqdm
,pydot
,pyqt5
,graphviz
,matplotlib
,seaborn
,jupyterlab
,tensorflow-gpu
,torch
,torchvision
"
local-ensembles,"absl-py==0.7.1
,astor==0.8.0
,astroid==2.3.1
,attrs==19.1.0
,backcall==0.1.0
,bleach==3.1.0
,certifi==2019.6.16
,chardet==3.0.4
,cloudpickle==1.1.1
,cycler==0.10.0
,decorator==4.4.0
,defusedxml==0.6.0
,dill==0.2.9
,entrypoints==0.3
,future==0.17.1
,gast==0.2.2
,google-pasta==0.1.7
,googleapis-common-protos==1.6.0
,graphviz==0.13
,grpcio==1.21.1
,h5py==2.9.0
,idna==2.8
,ipykernel==5.1.1
,ipython==7.6.1
,ipython-genutils==0.2.0
,ipywidgets==7.5.0
,isort==4.3.21
,jedi==0.14.0
,jinja2==2.10.1
,joblib==0.13.2
,jsonschema==3.0.1
,jupyter-client==5.3.1
,jupyter-core==4.5.0
,keras-applications==1.0.8
,keras-preprocessing==1.1.0
,kiwisolver==1.1.0
,lazy-object-proxy==1.4.2
,llvmlite==0.29.0
,markdown==3.1.1
,markupsafe==1.1.1
,matplotlib==3.1.0
,mccabe==0.6.1
,memory-profiler==0.55.0
,mistune==0.8.4
,nbconvert==5.5.0
,nbformat==4.4.0
,notebook==6.0.0
,numba==0.45.1
,numpy==1.16.5
,objgraph==3.4.1
,pandas==0.24.2
,pandocfilters==1.4.2
,parso==0.5.0
,pexpect==4.7.0
,pickleshare==0.7.5
,pillow==6.1.0
,prometheus-client==0.7.1
,promise==2.2.1
,prompt-toolkit==2.0.9
,protobuf==3.8.0
,psutil==5.6.3
,ptyprocess==0.6.0
,pygments==2.4.2
,pylint==2.4.2
,pyparsing==2.4.0
,pyrsistent==0.15.3
,python-dateutil==2.8.0
,pytz==2019.1
,pyzmq==18.0.2
,requests==2.22.0
,scikit-learn==0.21.2
,scipy==1.3.0
,seaborn==0.9.0
,send2trash==1.5.0
,six==1.12.0
,sklearn==0.0
,tb-nightly==1.14.0a20190603
,tensorboard==1.14.0
,tensorflow-datasets==1.0.2
,tensorflow-estimator==1.14.0
,tensorflow-gpu==2.0.0b1
,tensorflow-metadata==0.13.0
,termcolor==1.1.0
,terminado==0.8.2
,testpath==0.4.2
,tf-estimator-nightly==1.14.0.dev2019060501
,tfp-nightly==0.8.0.dev20190624
,tornado==6.0.3
,tqdm==4.32.2
,traitlets==4.3.2
,typed-ast==1.4.0
,urllib3==1.25.3
,wcwidth==0.1.7
,webencodings==0.5.1
,werkzeug==0.15.4
,widgetsnbextension==3.5.0
,wrapt==1.11.2
"
max-margin,"numpy==1.18.3
,tensorflow==2.2.0rc3
,foolbox==3.0.0
"
AdvectiveNet-An-Eulerian-Lagrangian-Fluidic-Reservoir-for-Point-Cloud-Processing,"h5py==2.10.0
,torch==1.5.0+cu101
,numpy==1.18.3
,matplotlib==3.2.1
,scikit_learn==0.22.2.post1
,segmentation==0.2.0
,semantic==1.0.3
"
hybrid-snn-conversion,"torch==1.5.0+cu101
,numpy==1.18.3
,torchvision==0.6.0+cu101
,matplotlib==3.2.1
,torchviz==0.0.1
"
guiding-synthesizers,"requests==2.23.0
,torchvision==0.6.0+cu101
,numpy==1.18.3
,torch==1.5.0+cu101
,tqdm==4.38.0
,scikit_image==0.16.2
,joblib==0.14.1
,flask==1.1.2
,flask_restful==0.3.8
,pillow==7.1.2
,skimage==0.0
"
gnn-asymptotics,"chainer==6.5.0
,matplotlib==3.2.1
,numpy==1.18.3
,scipy==1.4.1
,networkx==2.4
,pytest==3.6.4
,chainer_chemistry==0.7.0
,cupy==7.4.0
,mock==4.0.2
,optuna==1.3.0
"
s2p,"torch==1.5.0+cu101
,numpy==1.18.3
"
DPMPN,"# in python 3.7
,
,tensorflow == 2.0.0-alpha0
,networkx == 2.3
"
CoDAIL,"scipy==1.4.1
,tqdm==4.38.0
,numpy==1.18.3
,seaborn==0.10.1
,tensorflow==2.2.0rc3
,pyglet==1.5.0
,imageio==2.4.1
,cloudpickle==1.3.0
,matplotlib==3.2.1
,joblib==0.14.1
,six==1.12.0
,lxml==4.2.6
,click==7.1.2
,gym==0.17.1
,baselines==0.1.5
,box2d==2.3.10
,mpi4py==3.0.3
,pillow==7.1.2
,ray==0.8.4
,rl_algs==0.0.0
,scikit_learn==0.22.2.post1
,ujson==2.0.3
"
MMT,"torch==1.5.0+cu101
,h5py==2.10.0
,numpy==1.18.3
,torchvision==0.6.0+cu101
,metric_learn==0.5.0
,pillow==7.1.2
,scikit_learn==0.22.2.post1
"
2simplicialtransformer,"keras==2.3.1
,tensorflow==2.2.0rc3
,numpy==1.18.3
,gym==0.17.1
,keras_transformer==0.33.0
,ray==0.8.4
"
UVR-NMT,"botocore==1.15.47
,nltk==3.2.5
,torch==1.5.0+cu101
,numpy==1.18.3
,pyarrow==0.14.1
,requests==2.23.0
,torchvision==0.6.0+cu101
,spacy==2.2.4
,boto3==1.12.47
,tqdm==4.38.0
,regex==2019.12.20
,apex==0.9.10dev
,fastbpe==0.1.0
,pillow==7.1.2
,pytorch_transformers==1.2.0
,sacrebleu==1.4.9
,sacremoses==0.0.41
,scikit_learn==0.22.2.post1
,sentencepiece==0.1.86
,soundfile==0.10.3.post1
,subword_nmt==0.3.7
,tensorboardx==2.0
"
SV-RL,"absl-py==0.7.1
,astor==0.7.1
,atari-py==0.1.7
,certifi==2019.3.9
,cffi==1.12.3
,chardet==3.0.4
,cvxpy==1.0.21
,cycler==0.10.0
,dill==0.2.9
,ecos==2.0.7.post1
,fastcache==1.0.2
,future==0.17.1
,gast==0.2.2
,grpcio==1.16.1
,gym==0.12.1
,h5py==2.9.0
,idna==2.8
,keras==2.2.4
,keras-applications==1.0.7
,keras-preprocessing==1.0.9
,kiwisolver==1.1.0
,knnimpute==0.1.0
,markdown==3.1
,matplotlib==3.0.3
,mkl-fft==1.0.10
,mkl-random==1.0.2
,mock==2.0.0
,multiprocess==0.70.7
,numpy==1.16.3
,olefile==0.46
,opencv-python==4.1.0.25
,osqp==0.5.0
,pandas==0.24.2
,pbr==5.1.3
,pillow==6.0.0
,protobuf==3.6.1
,pycparser==2.19
,pyglet==1.3.2
,pyopengl==3.1.0
,pyparsing==2.4.0
,python-dateutil==2.8.0
,pytz==2019.1
,pyyaml==5.1
,requests==2.21.0
,scikit-learn==0.20.3
,scipy==1.2.1
,scs==2.1.0
,seaborn==0.9.0
,six==1.12.0
,tensorboard==1.13.1
,tensorflow==1.13.1
,tensorflow-estimator==1.13.0
,termcolor==1.1.0
,torch==1.0.1
,torchvision==0.2.2
,urllib3==1.24.2
,werkzeug==0.15.2
"
Early-Bird-Tickets,"matplotlib==3.2.1
,numpy==1.18.3
,torch==1.5.0+cu101
,scipy==1.4.1
,torchvision==0.6.0+cu101
,pillow==7.1.2
,qtorch==0.2.0
"
Learning-From-Rules,"numpy==1.18.3
,matplotlib==3.2.1
,textblob==0.15.3
,pandas==1.0.3
,tqdm==4.38.0
,torch==1.5.0+cu101
,tensorflow_hub==0.8.0
,tensorflow==2.2.0rc3
,scikit_learn==0.22.2.post1
,snorkel==0.9.5
"
triple-wins,"torch==1.5.0+cu101
,torchvision==0.6.0+cu101
,numpy==1.18.3
"
sparse-embed,"tqdm==4.38.0
,scipy==1.4.1
,h5py==2.10.0
,absl_py==0.9.0
,numpy==1.18.3
,tensorflow==2.2.0rc3
,absl==0.0
,horovod==0.19.1
,inception==0.0.3
,mxnet==1.6.0
,pillow==7.1.2
,scikit_learn==0.22.2.post1
"
PPLM,"torch
,nltk
,colorama
,transformers
,torchtext
"
provable_pruning,"seaborn==0.10.1
,torch==1.5.0+cu101
,h5py==2.10.0
,scipy==1.4.1
,cvxpy==1.0.31
,requests==2.23.0
,torchvision==0.6.0+cu101
,numpy==1.18.3
,matplotlib==3.2.1
,pillow==7.1.2
,pyyaml==5.3.1
"
lookahead_pruning,"torchvision==0.6.0+cu101
,torch==1.5.0+cu101
,numpy==1.18.3
,backpack==0.1
"
proxsgd,"matplotlib==3.2.1
,tensorflow==2.2.0rc3
,numpy==1.18.3
"
e2efold,"scipy==1.4.1
,numpy==1.18.3
,seaborn==0.10.1
,matplotlib==3.2.1
,pandas==1.0.3
,torch==1.5.0+cu101
,munch==2.5.0
,scikit_learn==0.22.2.post1
"
lord,"keras==2.3.1
,dlib==19.18.0
,opencv_python==4.1.2.30
,h5py==2.10.0
,tensorflow==2.2.0rc3
,imageio==2.4.1
,numpy==1.18.3
,keras_lr_multiplier==0.8.0
,pillow==7.1.2
"
ChocoSGD,"six==1.12.0
,opencv_python==4.1.2.30
,pyarrow==0.14.1
,torch==1.5.0+cu101
,torchtext==0.3.1
,torchvision==0.6.0+cu101
,seaborn==0.10.1
,matplotlib==3.2.1
,networkx==2.4
,spacy==2.2.4
,scipy==1.4.1
,numpy==1.18.3
,pandas==1.0.3
,lmdb==0.98
,tqdm==4.38.0
,joblib==0.14.1
,mpi4py==3.0.3
,msgpack_numpy==0.4.5
,msgpack_python==0.5.6
,pillow==7.1.2
,pyyaml==5.3.1
,scikit_learn==0.22.2.post1
"
NAS-Bench-201,"numpy==1.18.3
,torch==1.5.0+cu101
"
edward2,"tensorflow_probability==0.10.0rc0
,tensorflow_datasets==2.1.0
,six==1.12.0
,scipy==1.4.1
,matplotlib==3.2.1
,absl_py==0.9.0
,pandas==1.0.3
,absl==0.0
,scikit_learn==0.22.2.post1
"
anonymous_iclr2020_apd_code,"tensorflow==2.2.0rc3
,numpy==1.18.3
,scipy==1.4.1
,scikit_learn==0.22.2.post1
"
order-learning,"numpy==1.18.3
,opencv_python==4.1.2.30
,pandas==1.0.3
,tensorflow==2.2.0rc3
"
RAdam,"torch==1.5.0+cu101
,matplotlib==3.2.1
,numpy==1.18.3
,torchvision==0.6.0+cu101
,tqdm==4.38.0
,fairseq==0.9.0
,progress==1.5
,tensorboardx==2.0
"
GAT-Generative-Adversarial-Training,"
"
relational-ssm,"numpy==1.18.3
,scipy==1.4.1
,tensorflow_probability==0.10.0rc0
,tensorboard==2.2.1
,tensorflow==2.2.0rc3
,torch==1.5.0+cu101
,absl_py==0.9.0
,absl==0.0
,load==2019.4.13
,resampling==0.0.0
"
learning_to_retrieve_reasoning_paths,"gdown
,glob2
,jinja2
,joblib
,jsonlines
,nltk
,numpy
,pathlib2
,prettytable
,pytorch-pretrained-bert==0.6.2
,pytorch-transformers==1.2.0
,regex
,scipy
,scikit-learn
,spacy==2.2.3
,tagme==0.1.3
,torch==1.3.0
,tqdm
,ujson
,unicodecsv
,urllib3"
deeprl_network,"matplotlib==3.2.1
,numpy==1.18.3
,pandas==1.0.3
,tensorflow==2.2.0rc3
,seaborn==0.10.1
,sumolib==1.6.0
,traci==1.6.0
"
dynamics-aware-embeddings,"scikit_image==0.16.2
,torchvision==0.6.0+cu101
,scipy==1.4.1
,imageio==2.4.1
,numpy==1.18.3
,matplotlib==3.2.1
,gym==0.17.1
,torch==1.5.0+cu101
,skimage==0.0
"
Neural_Iterated_Learning,"numpy==1.18.3
,torch==1.5.0+cu101
,matplotlib==3.2.1
,pandas==1.0.3
"
packnet-sfm,"termcolor==1.1.0
,opencv_python==4.1.2.30
,matplotlib==3.2.1
,tqdm==4.38.0
,torchvision==0.6.0+cu101
,torch==1.5.0+cu101
,numpy==1.18.3
,pillow==7.1.2
"
macer,"numpy>=1.17.0
,torch>=1.2.0
,torchvision>=0.4.0
,pillow>=6.1.0
,scipy>=1.3.0
,statsmodels>=0.10.1
,pandas>=0.25.0"
ZO-L2L,"torchvision==0.6.0+cu101
,torch==1.5.0+cu101
,numpy==1.18.3
,matplotlib==3.2.1
"
NLIL,"matplotlib==3.2.1
,torch==1.5.0+cu101
,numpy==1.18.3
,tqdm==4.38.0
"
warpgrad,"tqdm==4.38.0
,matplotlib==3.2.1
,numpy==1.18.3
,torchvision==0.6.0+cu101
,torch==1.5.0+cu101
,joblib==0.14.1
,pillow==7.1.2
"
GraphsFewShot,"boto==2.49.0
,boto3==1.9.201
,botocore==1.12.201
,certifi==2019.6.16
,cffi==1.12.3
,chardet==3.0.4
,click==7.0
,community==1.0.0b1
,cycler==0.10.0
,cython==0.29.13
,decorator==4.4.0
,docutils==0.14
,flask==1.1.1
,future==0.17.1
,gensim==3.8.0
,grakel-dev==0.1a5
,h5py==2.9.0
,hopcroftkarp==1.2.4
,idna==2.8
,isodate==0.6.0
,itsdangerous==1.1.0
,jinja2==2.10.1
,jmespath==0.9.4
,joblib==0.13.2
,kiwisolver==1.1.0
,markupsafe==1.1.1
,matplotlib==3.1.1
,mkl-fft==1.0.6
,mkl-random==1.0.1
,networkx==2.3
,nose==1.3.7
,numpy==1.15.4
,pandas==0.25.0
,persim==0.1.0
,plyfile==0.7
,pot==0.5.1
,protobuf==3.9.0
,pycparser==2.19
,pyparsing==2.4.2
,python-dateutil==2.8.0
,pytz==2019.2
,rdflib==4.2.2
,requests==2.22.0
,ripser==0.4.1
,s3transfer==0.2.1
,scikit-learn==0.21.3
,scipy==1.3.0
,seaborn==0.9.0
,six==1.12.0
,smart-open==1.8.4
,tensorboardx==1.8
,texttable==1.6.2
,torch==1.1.0
,torch-cluster==1.4.3
,torch-geometric==1.3.0
,torch-scatter==1.3.1
,torch-sparse==0.4.0
,torchvision==0.2.1
,tqdm==4.32.2
,urllib3==1.25.3
,werkzeug==0.15.5
"
UGATIT,"opencv_python==4.1.2.30
,tensorflow==2.2.0rc3
,numpy==1.18.3
"
gnn-comparison,"networkx
,requests
,pyyaml
,torch
,torch_scatter
,torch_sparse
,torch_cluster
,torch_geometric
"
CROWN-IBP,"tensorflow==2.2.0rc3
,torchvision==0.6.0+cu101
,torch==1.5.0+cu101
,numpy==1.18.3
,keras==2.3.1
,pillow==7.1.2
"
RL-based-Graph2Seq-for-NQG,"torch==0.4.1.post2
,pytorch-pretrained-bert==0.6.2
,gensim==3.5.0
,numpy==1.14.5
,pyyaml==5.1
"
epciclr2020,"absl-py==0.7.1
,astor==0.7.1
,atomicwrites==1.3.0
,attrs==19.1.0
,-e git+https://github.com/openai/baselines.git@2bca7901f51c88cdef3ca0666c6a87c454a4dbe8#egg=baselines
,certifi==2016.2.28
,click==7.0
,cloudpickle==1.2.1
,colorama==0.4.1
,cycler==0.10.0
,dill==0.3.0
,filelock==3.0.12
,flatbuffers==1.11
,funcsigs==1.0.2
,future==0.17.1
,gast==0.2.2
,grpcio==1.12.1
,gym==0.13.0
,h5py==2.7.0
,imageio==2.5.0
,importlib-metadata==0.18
,joblib==0.13.2
,keras-applications==1.0.8
,keras-preprocessing==1.1.0
,-e git+https://github.com/openai/maddpg.git@fbba5e45a5086160bdf6d9bfb0074b4e1fd1535e#egg=maddpg
,-e git+git@github.com:qian18long/epciclr2020.git@3685bfb4f8273f06799e1b4969e76e9abd4c90af#egg=maddpg_local
,markdown==2.6.9
,matplotlib==2.0.2
,mock==2.0.0
,more-itertools==7.2.0
,mpi4py==2.0.0
,-e git+git@github.com:qian18long/maddpg_qian.git@d25bf3ac2ebc554fa3589fcd6e453e411318999d#egg=multiagent&subdirectory=maddpg_qian/multiagent-particle-envs-master
,multiprocess==0.70.8
,numpy==1.17.0
,numpy-stl==2.10.1
,olefile==0.44
,opencv-python==4.1.0.25
,packaging==19.0
,pandas==0.20.3
,pathos==0.2.4
,patsy==0.4.1
,pbr==1.10.0
,pillow==4.2.1
,pluggy==0.12.0
,pox==0.2.6
,ppft==1.6.6.1
,protobuf==3.8.0
,py==1.8.0
,pyglet==1.3.2
,pyparsing==2.2.0
,pyperclip==1.7.0
,pytest==5.0.1
,python-dateutil==2.6.1
,python-utils==2.3.0
,pytz==2017.2
,pyyaml==5.1.1
,ray==0.7.2
,redis==3.2.1
,scipy==0.19.1
,seaborn==0.9.0
,six==1.10.0
,statsmodels==0.8.0
,tensorboard==1.13.1
,tensorflow==1.13.1
,tensorflow-estimator==1.13.0
,termcolor==1.1.0
,tqdm==4.32.2
,wcwidth==0.1.7
,werkzeug==0.12.2
,zipp==0.5.2
"
query2box,"numpy==1.18.3
,torch==1.5.0+cu101
,tensorboardx==2.0
"
adversarial-policies,"numpy>=1.15
,pandas>=0.24.1
,scikit-learn>=0.20.3
,pillow>=6.0.0
,matplotlib>=3.0.3
,theano>=1.0
,sacred>=0.8.1
,pymongo>=3.8.0
,gitpython>=2.1
,baselines @ git+https://github.com/humancompatibleai/baselines.git@f70377
,stable-baselines>=2.10.0
,ray[debug,tune]>=0.8.2
,boto3>=1.9
,awscli>=1.16
,statsmodels>=0.9.0
,seaborn>=0.9.0
,ilqr @ git+https://github.com/anassinator/ilqr.git
,gym[mujoco]==0.15.4
,mujoco-py-131 @ git+https://github.com/adamgleave/mujoco-py.git@mj131
,gym_compete @ git+https://github.com/humancompatibleai/multiagent-competition.git
"
FasterSeg,"easydict==1.9
,matplotlib==3.0.0
,numpy==1.16.1
,onnx==1.5.0
,opencv-python==3.4.4.19
,pillow==6.2.0
,protobuf==3.8.0
,scipy==1.1.0
,tensorboard==1.9.0
,tensorboardx==1.6
,thop==0.0.31.post2001170342
,torch==1.1.0
,torchvision==0.3.0
,tqdm==4.25.0
"
A2L,"tensorflow==2.2.0rc3
,matplotlib==3.2.1
,opencv_python==4.1.2.30
,keras==2.3.1
,tqdm==4.38.0
,numpy==1.18.3
,pillow==7.1.2
,segmentation_models==1.0.1
,vizdoom==1.1.7
"
fair_flearn,"numpy
,scipy
,tensorflow-gpu==1.10
,pillow
,matplotlib
,tqdm
"
RealnessGAN,"torchvision==0.6.0+cu101
,torch==1.5.0+cu101
,numpy==1.18.3
,scipy==1.4.1
"
DropEdge,"asn1crypto==0.22.0
,certifi==2016.2.28
,cffi==1.10.0
,decorator==4.4.0
,idna==2.6
,networkx==2.3
,numpy==1.14.3
,olefile==0.45.1
,packaging==16.8
,pandas==0.24.2
,pillow==4.2.1
,pycosat==0.6.3
,pycparser==2.18
,pycrypto==2.6.1
,pyopenssl==17.0.0
,pyparsing==2.2.0
,python-dateutil==2.8.0
,pytz==2019.1
,requests==2.14.2
,scikit-learn==0.20.3
,scipy==1.2.1
,six==1.10.0
,torch>=0.4.0,<0.5.0
,torchvision==0.2.1
,tensorboard==2.1.0
,tensorboardx==2.0
"
rl-reliability-metrics,"gin-config
,matplotlib
,numpy
,scipy
,absl-py
,tensorflow
,tensorboard
"
c-swm,"scikit_image==0.16.2
,h5py==2.10.0
,matplotlib==3.2.1
,numpy==1.18.3
,tensorflow==2.2.0rc3
,gym==0.17.1
,torch==1.5.0+cu101
,pillow==7.1.2
,skimage==0.0
"
rewinding-iclr20-public,"matplotlib==3.2.1
,six==1.12.0
,requests==2.23.0
,absl_py==0.9.0
,psutil==5.4.8
,pandas==1.0.3
,numpy==1.18.3
,tensorflow==2.2.0rc3
,absl==0.0
,mlperf_compliance==0.0.10
,mock==4.0.2
,pillow==7.1.2
,protobuf==3.11.3
,pyyaml==5.3.1
"
sensitive-subspace-robustness,"scipy==1.4.1
,tensorflow==2.2.0rc3
,seaborn==0.10.1
,numpy==1.18.3
,pandas==1.0.3
,matplotlib==3.2.1
,aif360==0.2.3
,scikit_learn==0.22.2.post1
"
ml-capsules-inverted-attention-routing,"torch==1.5.0+cu101
,numpy==1.18.3
,torchvision==0.6.0+cu101
"
protein-ebm,"gemmi==0.2.7
,torch==1.2.0
,numpy==1.16.0
,tqdm==4.25.0
,tensorflow_gpu==1.14.0
,# you may need to install this with the following command:
,# $ pip install torch-scatter==latest+${cuda} -f https://pytorch-geometric.com/whl/torch-1.4.0.html
,# cu101 should be replaced with should be replaced by either cpu, cu92, cu100 or cu101 depending on your pytorch installation.
,torch-scatter==1.2.0
,fairseq==0.6.2
,pandas==0.24.0
,scipy==1.1.0
,easydict==1.9"
FedMA,"torch==1.5.0+cu101
,torchvision==0.6.0+cu101
,numpy==1.18.3
,matplotlib==3.2.1
,scipy==1.4.1
,lapsolver==1.1.0
,pillow==7.1.2
,scikit_learn==0.22.2.post1
"
GA,"torch==1.5.0+cu101
,numpy==1.18.3
,rdkit==2009.q1-1
,selfies==0.2.4
,tensorboardx==2.0
"
SRU_for_GCI,"torch==1.5.0+cu101
,numpy==1.18.3
,matplotlib==3.2.1
"
MetaBO,"
"
overparameterized_convolutional_generators,"matplotlib==3.2.1
,pywavelets==1.1.1
,torchvision==0.6.0+cu101
,numpy==1.18.3
,scikit_image==0.16.2
,torch==1.5.0+cu101
,scipy==1.4.1
,pillow==7.1.2
,skimage==0.0
"
GraphMemoryNet,"gputil==1.4.0
,networkx==2.4
,numpy==1.17.4
,pickleshare==0.7.5
,requests==2.22.0
,scipy==1.3.2
,sklearn==0.0
,tensorboard==2.0.0
,tensorboard-logger==0.1.0
,tensorboardx==1.9
,torch==1.3.1
,torch-cluster==1.4.5
,torch-scatter==1.4.0
,torch-sparse==0.4.3
,torchtext==0.4.0
,torchvision==0.4.2
,urllib3==1.25.6
,zipp==0.6.0"
RobustDARTS,"seaborn==0.10.1
,torch==1.5.0+cu101
,graphviz==0.10.1
,torchvision==0.6.0+cu101
,matplotlib==3.2.1
,numpy==1.18.3
,pyyaml==5.3.1
"
Permutation-Equivariant-Seq2Seq,"six==1.12.0
,numpy==1.18.3
,torch==1.5.0+cu101
"
Symplectic-ODENet,"gym==0.17.1
,autograd==1.3
,torch==1.5.0+cu101
,imageio==2.4.1
,numpy==1.18.3
,matplotlib==3.2.1
,scipy==1.4.1
,torchdiffeq==0.0.1
"
once-for-all,"torch==1.5.0+cu101
,tqdm==4.38.0
,torchvision==0.6.0+cu101
,numpy==1.18.3
,apex==0.9.10dev
,horovod==0.19.1
"
RL-Indirect-imitation,"cloudpickle==1.3.0
,pandas==1.0.3
,numpy==1.18.3
,gym==0.17.1
,torch==1.5.0+cu101
,pyyaml==5.3.1
"
CLCL,"matplotlib
,editdistance
"
remixmatch,"absl-py
,easydict
,cython
,numpy
,tensorflow-gpu==1.14.0
,tqdm
"
pytorch-blockswap,"torchvision==0.6.0+cu101
,pandas==1.0.3
,torch==1.5.0+cu101
,tqdm==4.38.0
,numpy==1.18.3
"
Max-Mahalanobis-Training,"absl-py==0.2.0
,ansible==2.0.0.2
,astor==0.6.2
,attrs==15.2.0
,backports-abc==0.5
,backports.functools-lru-cache==1.5
,backports.shutil-get-terminal-size==1.0.0
,backports.weakref==1.0.post1
,bleach==1.5.0
,blessings==1.6.1
,certifi==2018.10.15
,chardet==3.0.4
,cleverhans==2.1.0
,click==7.0
,cloudpickle==0.6.1
,configobj==5.0.6
,configparser==3.5.0
,cryptography==1.2.3
,cycler==0.10.0
,cython==0.29.3
,dask==1.1.0
,decorator==4.3.0
,defusedxml==0.5.0
,ecdsa==0.13
,entrypoints==0.3
,enum34==1.1.6
,flask==1.0.2
,funcsigs==1.0.2
,functools32==3.2.3.post2
,futures==3.2.0
,gast==0.2.0
,gpustat==0.4.1
,grpcio==1.11.0
,gyp==0.1
,h5py==2.8.0
,html5lib==0.9999999
,httplib2==0.9.1
,idna==2.7
,imagehash==4.0
,imageio==2.4.1
,imgaug==0.2.7
,iotop==0.6
,ipaddress==1.0.16
,ipykernel==4.10.0
,ipython==5.8.0
,ipython-genutils==0.2.0
,ipywidgets==7.4.2
,itsdangerous==1.1.0
,jinja2==2.10
,jsonschema==2.6.0
,jupyter==1.0.0
,jupyter-client==5.2.4
,jupyter-console==5.2.0
,jupyter-core==4.4.0
,kaggle==1.5.1.1
,keras==2.2.4
,keras-applications==1.0.6
,keras-preprocessing==1.0.5
,keras-tqdm==2.0.1
,kiwisolver==1.0.1
,landscape-client==16.3+bzr834
,lap==0.4.0
,mako==1.0.3
,markdown==2.6.11
,markupsafe==1.1.0
,matplotlib==2.2.3
,mistune==0.8.4
,mnist==0.2.2
,mock==2.0.0
,nbconvert==5.4.0
,nbformat==4.4.0
,netaddr==0.7.18
,networkx==2.2
,nose==1.3.7
,notebook==5.7.4
,numexpr==2.6.9
,numpy==1.14.3
,nvidia-ml-py==375.53.1
,ofed-le-utils==1.0.3
,opencv-python==4.0.0.21
,pam==0.4.2
,pandas==0.23.4
,pandocfilters==1.4.2
,paramiko==1.16.0
,pathlib2==2.3.3
,pbr==4.0.2
,pexpect==4.0.1
,pickleshare==0.7.5
,pillow==5.4.1
,pkg-resources==0.0.0
,prometheus-client==0.5.0
,prompt-toolkit==1.0.15
,protobuf==3.6.1
,psutil==5.4.3
,ptyprocess==0.5
,pulp==1.6.8
,pyasn1==0.1.9
,pyasn1-modules==0.0.7
,pycodestyle==2.4.0
,pycrypto==2.6.1
,pycups==1.9.73
,pycurl==7.43.0
,pygments==2.3.1
,pygobject==3.20.0
,pymysql==0.7.2
,pyopengl==3.0.2
,pyopenssl==0.15.1
,pyparsing==2.3.1
,pyserial==3.0.1
,pysmbc==1.0.15.5
,pyste==0.9.10
,python-apt==1.1.0b1+ubuntu0.16.4.2
,python-dateutil==2.7.3
,python-slugify==2.0.1
,pytz==2018.7
,pywavelets==1.0.1
,pyyaml==3.13
,pyzmq==17.1.2
,qtconsole==4.4.3
,requests==2.20.0
,scandir==1.9.0
,scikit-image==0.13.0
,scikit-learn==0.20.2
,scipy==0.17.0
,seaborn==0.9.0
,send2trash==1.5.0
,service-identity==16.0.0
,shapely==1.6.4.post2
,simplegeneric==0.8.1
,singledispatch==3.4.0.3
,six==1.10.0
,sklearn==0.0
,subprocess32==3.5.3
,tables==3.4.4
,tensorboard==1.9.0
,tensorflow-gpu==1.9.0
,tensorflow-hub==0.2.0
,termcolor==1.1.0
,terminado==0.8.1
,testpath==0.4.2
,toolz==0.9.0
,tornado==5.1.1
,tqdm==4.29.1
,traitlets==4.3.2
,trash-cli==0.12.9.14
,twisted==16.0.0
,unidecode==1.0.23
,urllib3==1.22
,virtualenv==15.0.1
,wcwidth==0.1.7
,werkzeug==0.14.1
,widgetsnbextension==3.4.2
,zope.interface==4.1.3
"
joint-align,"torch==1.5.0+cu101
,numpy==1.18.3
,tqdm==4.38.0
,transformers==2.8.0
"
DeepHoyer,"matplotlib==3.2.1
,torchvision==0.6.0+cu101
,torch==1.5.0+cu101
,tqdm==4.38.0
,numpy==1.18.3
,scipy==1.4.1
,scikit_learn==0.22.2.post1
"
convcnp,"numpy
,matplotlib
,
,torch
,stheno
,
,python-slugify
"
Learning-to-Group,"numpy==1.18.3
,scipy==1.4.1
,torch==1.5.0+cu101
,tqdm==4.38.0
,matplotlib==3.2.1
,h5py==2.10.0
,natsort==5.5.0
,tabulate==0.8.7
,ipython==7.14.0
,open3d==0.9.0.0
,pillow==7.1.2
,progressbar33==2.4
,tensorboardx==2.0
,yacs==0.1.7
"
nasbench-1shot1,"numpy==1.18.3
,hyperopt==0.1.2
,statsmodels==0.10.2
,graphviz==0.10.1
,torch==1.5.0+cu101
,torchvision==0.6.0+cu101
,tensorflow==2.2.0rc3
,tensorflow_probability==0.10.0rc0
,seaborn==0.10.1
,networkx==2.4
,pandas==1.0.3
,matplotlib==3.2.1
,scipy==1.4.1
,configspace==0.4.12
,hpbandster==0.7.4
,ipython==7.14.0
,netifaces==0.10.9
,pillow==7.1.2
,pyro4==4.80
"
genesis,"matplotlib==3.2.1
,torchvision==0.6.0+cu101
,tensorflow==2.2.0rc3
,numpy==1.18.3
,imageio==2.4.1
,torch==1.5.0+cu101
,tqdm==4.38.0
,scipy==1.4.1
,attrdict==2.0.1
,pillow==7.1.2
,scikit_learn==0.22.2.post1
,simplejson==3.17.0
,tensorboardx==2.0
"
deconvolution,"torchvision==0.6.0+cu101
,numpy==1.18.3
,matplotlib==3.2.1
,opencv_python==4.1.2.30
,torch==1.5.0+cu101
"
Understanding-NAS,"torch==1.5.0+cu101
,torchvision==0.6.0+cu101
,numpy==1.18.3
"
mvae,"torch==1.5.0+cu101
,bokeh==1.4.0
,pytest==3.6.4
,scipy==1.4.1
,tensorflow==2.2.0rc3
,pandas==1.0.3
,numpy==1.18.3
,matplotlib==3.2.1
,torchvision==0.6.0+cu101
,geoopt==0.1.2
,pillow==7.1.2
,protobuf==3.11.3
,scikit_learn==0.22.2.post1
,tensorboardx==2.0
"
EITI-EDTI,"numpy==1.18.3
,click==7.1.2
,matplotlib==3.2.1
,seaborn==0.10.1
,opencv_python==4.1.2.30
,pytest==3.6.4
,scipy==1.4.1
,gym==0.17.1
,pandas==1.0.3
,cloudpickle==1.3.0
,statsmodels==0.10.2
,tqdm==4.38.0
,joblib==0.14.1
,tensorflow==2.2.0rc3
,tensorflow_probability==0.10.0rc0
,glob2==0.7
,filelock==3.0.12
,mpi==0.0.2
,mpi4py==3.0.3
,mujoco_py==2.0.2.9
,retro==2.8.7
,roboschool==1.0.49
"
DynamicSaprseTraining,"torch==1.5.0+cu101
,numpy==1.18.3
,torchvision==0.6.0+cu101
"
CausalOptimizationAnon,"torch==1.0.0
,numpy
,jupyter
,tqdm
,matplotlib
,scipy
,seaborn
"
sequential-knowledge-transformer,"psutil==5.4.8
,nltk==3.2.5
,requests==2.23.0
,six==1.12.0
,absl_py==0.9.0
,tensorflow_addons==0.8.3
,tensorflow_probability==0.10.0rc0
,tqdm==4.38.0
,spacy==2.2.4
,numpy==1.18.3
,tensorflow==2.2.0rc3
,torch==1.5.0+cu101
,pandas==1.0.3
,more_itertools==8.2.0
,absl==0.0
,better_exceptions==0.2.2
,colorful==0.5.4
,colorlog==4.1.0
,ipython==7.14.0
,mlperf_compliance==0.0.10
,mock==4.0.2
,parlai==0.1.20200416
,protobuf==3.11.3
,pudb==2019.2
,ruamel.base==1.0.0
,scikit_learn==0.22.2.post1
"
Pseudo_Lidar_V2,"configargparse==1.
,opencv-python
,scipy
,tensorboardx
,tqdm
,pillow==6.2.0
"
l2b,"tqdm==4.38.0
,tensorflow==2.2.0rc3
,requests==2.23.0
,numpy==1.18.3
,scipy==1.4.1
,pillow==7.1.2
"
bsuite,"six==1.12.0
,dopamine_rl==1.0.5
,matplotlib==3.2.1
,scipy==1.4.1
,tensorflow==2.2.0rc3
,absl_py==0.9.0
,gym==0.17.1
,numpy==1.18.3
,tensorflow_probability==0.10.0rc0
,pandas==1.0.3
,plotnine==0.6.0
,tqdm==4.38.0
,scikit_image==0.16.2
,termcolor==1.1.0
,absl==0.0
,dm_env==1.2
,dopamine==0.7
,frozendict==1.2
,haiku==0.01
,mock==4.0.2
,skimage==0.0
,sonnet==0.1.6
,tree==0.2.4
,trfl==1.1.0
"
ifl-tpp,"numpy==1.18.3
,torch==1.5.0+cu101
,scipy==1.4.1
,scikit_learn==0.22.2.post1
"
RaCT_CF,"numpy
,# tensorflow>=1.10.0,<=1.14
,bottleneck
,pandas
,scipy
,seaborn
,matplotlib
,scikit-learn==0.20.0
,jupyter
"
Certify_Topk,"scipy==1.4.1
,statsmodels==0.10.2
,numpy==1.18.3
"
BinaryDuo,"
"
ARML,"numpy==1.18.3
,tqdm==4.38.0
,opencv_python==4.1.2.30
,tensorflow==2.2.0rc3
,matplotlib==3.2.1
,ipdb==0.13.2
"
dads,"gym==0.17.1
,numpy==1.18.3
,tensorflow_probability==0.10.0rc0
,absl_py==0.9.0
,tensorflow==2.2.0rc3
,matplotlib==3.2.1
,absl==0.0
,mujoco_py==2.0.2.9
,robel==0.1.2
,tf_agents==0.4.0
"
imd,"numpy
,scipy
,# pykgraph # optional"
ExpressGNN,"networkx==2.4
,numpy==1.18.3
,torch==1.5.0+cu101
,tqdm==4.38.0
,scikit_learn==0.22.2.post1
"
editable,"torch>=1.1.0
,numpy>=0.13
,scipy>=1.2.0
,scikit-learn>=0.17
,torchvision
,matplotlib
,tqdm
,tensorboardx
,pandas
,prefetch_generator
"
electra,"numpy==1.18.3
,tensorflow==2.2.0rc3
,matplotlib==3.2.1
,six==1.12.0
,scipy==1.4.1
,scikit_learn==0.22.2.post1
"
MaSS,"tensorflow==2.2.0rc3
,numpy==1.18.3
,keras==2.3.1
"
Explanation_by_Progressive_Exaggeration,"pandas==0.23.4
,numpy==1.15.0
,pyyaml==3.13
,tensorboard==1.12.2
,tensorboardx==1.6
,tensorflow-gpu==1.12.3
,tqdm==4.31.1
,scipy==1.1.0"
deep-graph-matching-consensus,"torch==1.5.0+cu101
,pykeops==1.4
,sphinx_rtd_theme==0.4.3
,torch_geometric==1.4.3
,torch_scatter==2.0.4
"
zebrafish-learning,"numpy=1.16.4
,matplotlib=3.1.1
,h5py=2.9.0
,tqdm=4.32.2
,cv2=4.1.0.25
,scikit-learn=0.21.2
,torch=1.1.0
,tensorflow=1.14.0
,keras=2.2.4
,innvestigate=1.0.8"
bert-nmt,"numpy==1.18.3
,tensorflow==2.2.0rc3
,tqdm==4.38.0
,nltk==3.2.5
,requests==2.23.0
,boto3==1.12.47
,botocore==1.15.47
,torch==1.5.0+cu101
,apex==0.9.10dev
,sacrebleu==1.4.9
,sacremoses==0.0.41
,sentencepiece==0.1.86
,subword_nmt==0.3.7
,tensorboardx==2.0
"
interaction_interpretability,"deepctr==0.6.0
,future==0.17.1
,h5py==2.8.0
,jupyterlab==1.2.6
,matplotlib==3.1.2
,nltk==3.3
,numpy==1.17.1
,ipywidgets==6.0.0
,pandas==0.20.3
,protobuf==3.11.2
,scikit-image==0.14.0
,scikit-learn==0.21.3
,scipy==1.3.1
,tables==3.5.2
,tensorboard==1.14.0
,tensorflow-estimator==1.14.0
,tensorflow-gpu==1.14.0
,torch==1.3.1
,torchtext==0.3.1
,torchvision==0.4.2
,tqdm==4.32.2
,transformers==2.4.1"
attention-cnn,"boto3==1.9.234
,tabulate==0.8.3
,tensorboardx==1.8
,termcolor==1.1.0
,thop==0.0.31
"
hypercl,"scipy==1.4.1
,torchvision==0.6.0+cu101
,pandas==1.0.3
,numpy==1.18.3
,tensorflow==2.2.0rc3
,packaging==20.3
,matplotlib==3.2.1
,torch==1.5.0+cu101
,bsub==0.3.5
,pillow==7.1.2
,scikit_learn==0.22.2.post1
,tensorboardx==2.0
"
iclr20-lcn,"numpy==1.18.3
,torch==1.5.0+cu101
,scikit_learn==0.22.2.post1
"
ExpectedInformationMaximization,"numpy==1.18.3
,matplotlib==3.2.1
,tensorflow==2.2.0rc3
,numba==0.48.0
,scipy==1.4.1
,nlopt==2.6.1
,pillow==7.1.2
,pyyaml==5.3.1
,scikit_learn==0.22.2.post1
"
TREMBA,"torch==1.5.0+cu101
,torchvision==0.6.0+cu101
,numpy==1.18.3
"
LambdaNet,"requests==2.23.0
"
hijacking,"scipy==1.4.1
,keras==2.3.1
,tqdm==4.38.0
,tensorflow==2.2.0rc3
,numpy==1.18.3
,opencv_python==4.1.2.30
,pillow==7.1.2
,scikit_learn==0.22.2.post1
"
Deep-SAD-PyTorch,"click==7.0
,cvxopt==1.2.3
,cycler==0.10.0
,joblib==0.13.2
,kiwisolver==1.1.0
,matplotlib==3.1.0
,numpy==1.16.4
,pandas==0.24.2
,pillow==6.0.0
,pyparsing==2.4.0
,python-dateutil==2.8.0
,pytz==2019.1
,scikit-learn==0.21.2
,scipy==1.3.0
,seaborn==0.9.0
,six==1.12.0
,torch==1.1.0
,torchvision==0.3.0
"
TruthOrBackpropaganda,"numpy==1.18.3
,torch==1.5.0+cu101
,tqdm==4.38.0
,matplotlib==3.2.1
,torchvision==0.6.0+cu101
,scipy==1.4.1
"
What-Can-Neural-Networks-Reason-About,"scipy==1.4.1
,torch==1.5.0+cu101
,numpy==1.18.3
,scikit_learn==0.22.2.post1
"
GraphZoom,"numpy==1.16.4
,networkx==2.3.0
,scipy==1.3.1
,scikit-learn==0.21.2
,gensim==3.4.0
,theano==1.0.4
,tensorboard==1.15.0
,tensorflow==1.15.2
"
fspool,"numpy==1.18.3
,opencv_python==4.1.2.30
,scipy==1.4.1
,networkx==2.4
,h5py==2.10.0
,matplotlib==3.2.1
,torch==1.5.0+cu101
,pandas==1.0.3
,six==1.12.0
,tqdm==4.38.0
,pytest==3.6.4
,torchvision==0.6.0+cu101
,gputil==1.4.0
,manimlib==0.1.10
,pillow==7.1.2
,plyfile==0.7.2
,scikit_learn==0.22.2.post1
,sphinx_rtd_theme==0.4.3
,tensorboardx==2.0
,torch_cluster==1.5.4
,torch_scatter==2.0.4
,torch_sparse==0.6.1
,torch_spline_conv==1.2.0
"
counterfactually-augmented-data,"
"
pau,"torch==1.5.0+cu101
,matplotlib==3.2.1
,torchvision==0.6.0+cu101
,numpy==1.18.3
,airspeed==0.5.15
,tensorboardx==2.0
"
STOVE,"# this file may be used to create an environment using:
,# $ conda create --name <env> --file <this file>
,# platform: linux-64
,_libgcc_mutex=0.1=main
,absl-py=0.8.0=pypi_0
,attrdict=2.0.1=pypi_0
,attrs=19.1.0=py37_1
,backcall=0.1.0=py37_0
,blas=1.0=mkl
,bleach=3.1.0=py37_0
,ca-certificates=2019.5.15=1
,certifi=2019.6.16=py37_1
,cffi=1.12.3=py37h2e261b9_0
,chardet=3.0.4=pypi_0
,cloudpickle=1.2.2=pypi_0
,cudatoolkit=10.0.130=0
,cudnn=7.6.0=cuda10.0_0
,cycler=0.10.0=py37_0
,dbus=1.13.6=h746ee38_0
,decorator=4.4.0=py37_1
,defusedxml=0.6.0=py_0
,dill=0.3.0=pypi_0
,dm-env=1.1=pypi_0
,entrypoints=0.3=py37_0
,enum34=1.1.6=pypi_0
,expat=2.2.6=he6710b0_0
,fontconfig=2.13.0=h9420a91_0
,freetype=2.9.1=h8a8886c_1
,future=0.17.1=pypi_0
,glib=2.56.2=hd408876_0
,gmp=6.1.2=h6c8ec71_1
,gst-plugins-base=1.14.0=hbbd80ab_1
,gstreamer=1.14.0=hb453b48_1
,gym=0.14.0=pypi_0
,icu=58.2=h9c2bf20_1
,idna=2.8=pypi_0
,imageio=2.5.0=pypi_0
,intel-openmp=2019.4=243
,ipykernel=5.1.2=py37h39e3cac_0
,ipython=7.8.0=py37h39e3cac_0
,ipython_genutils=0.2.0=py37_0
,ipywidgets=7.5.1=py_0
,jedi=0.15.1=py37_0
,jinja2=2.10.1=py37_0
,joblib=0.13.2=pypi_0
,jpeg=9b=h024ee3a_2
,jsonschema=3.0.2=py37_0
,jupyter=1.0.0=py37_7
,jupyter_client=5.3.1=py_0
,jupyter_console=6.0.0=py37_0
,jupyter_core=4.5.0=py_0
,kiwisolver=1.1.0=py37he6710b0_0
,libedit=3.1.20181209=hc058e9b_0
,libffi=3.2.1=hd88cf55_4
,libgcc-ng=9.1.0=hdf63c60_0
,libgfortran-ng=7.3.0=hdf63c60_0
,libpng=1.6.37=hbc83047_0
,libsodium=1.0.16=h1bed415_0
,libstdcxx-ng=9.1.0=hdf63c60_0
,libtiff=4.0.10=h2733197_2
,libuuid=1.0.3=h1bed415_2
,libxcb=1.13=h1bed415_1
,libxml2=2.9.9=hea5a465_1
,markupsafe=1.1.1=py37h7b6447c_0
,matplotlib=3.1.1=py37h5429711_0
,mistune=0.8.4=py37h7b6447c_0
,mkl=2019.4=243
,mkl-service=2.3.0=py37he904b0f_0
,mkl_fft=1.0.14=py37ha843d7b_0
,mkl_random=1.0.2=py37hd81dba3_0
,mock=3.0.5=pypi_0
,multiprocess=0.70.8=pypi_0
,nbconvert=5.5.0=py_0
,nbformat=4.4.0=py37_0
,ncurses=6.1=he6710b0_1
,ninja=1.9.0=py37hfd86e86_0
,notebook=6.0.1=py37_0
,numpy=1.16.4=py37h7e9f1db_0
,numpy-base=1.16.4=py37hde5b4d6_0
,observations=0.1.4=pypi_0
,olefile=0.46=py37_0
,openssl=1.1.1d=h7b6447c_1
,pandas=0.25.1=py37he6710b0_0
,pandoc=2.2.3.2=0
,pandocfilters=1.4.2=py37_1
,parso=0.5.1=py_0
,pcre=8.43=he6710b0_0
,pexpect=4.7.0=py37_0
,pickleshare=0.7.5=py37_0
,pillow=6.1.0=py37h34e0f95_0
,pip=19.2.2=py37_0
,prometheus_client=0.7.1=py_0
,prompt_toolkit=2.0.9=py37_0
,protobuf=3.9.2=pypi_0
,ptyprocess=0.6.0=py37_0
,pycparser=2.19=py37_0
,pyglet=1.3.2=pypi_0
,pygments=2.4.2=py_0
,pyparsing=2.4.2=py_0
,pyqt=5.9.2=py37h05f1152_2
,pyrsistent=0.14.11=py37h7b6447c_0
,python=3.7.4=h265db76_1
,python-dateutil=2.8.0=py37_0
,pytorch=1.0.1=cuda100py37he554f03_0
,pytz=2019.2=py_0
,pyzmq=18.1.0=pypi_0
,qt=5.9.7=h5867ecd_1
,qtconsole=4.5.5=py_0
,readline=7.0=h7b6447c_5
,requests=2.22.0=pypi_0
,scikit-learn=0.21.3=pypi_0
,scipy=1.3.1=pypi_0
,send2trash=1.5.0=py37_0
,setproctitle=1.1.10=pypi_0
,setuptools=41.0.1=py37_0
,sip=4.19.8=py37hf484d3e_0
,six=1.12.0=py37_0
,sortedset=1.0=pypi_0
,spriteworld=1.0.2=pypi_0
,sqlite=3.29.0=h7b6447c_0
,tensorboardx=1.8=pypi_0
,terminado=0.8.2=py37_0
,testpath=0.4.2=py37_0
,tk=8.6.8=hbc83047_0
,torchfile=0.1.0=pypi_0
,torchvision=0.2.1=py37_0
,tornado=6.0.3=py37h7b6447c_0
,tqdm=4.32.1=py_0
,traitlets=4.3.2=py37_0
,trash=0.1.0=pypi_0
,urllib3=1.25.3=pypi_0
,visdom=0.1.8.8=pypi_0
,wcwidth=0.1.7=py37_0
,webencodings=0.5.1=py37_1
,websocket-client=0.56.0=pypi_0
,wheel=0.33.4=py37_0
,widgetsnbextension=3.5.1=py37_0
,xz=5.2.4=h14c3975_4
,zeromq=4.3.1=he6710b0_3
,zlib=1.2.11=h7b6447c_3
,zstd=1.3.7=h0b5b093_0"
xfer,"matplotlib==3.2.1
,graphviz==0.10.1
,pandas==1.0.3
,tqdm==4.38.0
,torchvision==0.6.0+cu101
,torch==1.5.0+cu101
,numpy==1.18.3
,pytest==3.6.4
,requests==2.23.0
,easydict==1.9
,nbformat==5.0.6
,gpy==1.9.9
,gpytorch==1.1.1
,ignite==1.1.0
,mxnet==1.6.0
,pillow==7.1.2
,pyyaml==5.3.1
,scikit_learn==0.22.2.post1
,swag==1.5.1
,tensorboardx==2.0
"
FNA,"pandas==1.0.3
,tqdm==4.38.0
,opencv_python==4.1.2.30
,scipy==1.4.1
,numpy==1.18.3
,pycocotools==2.0.0
,torch==1.5.0+cu101
,easydict==1.9
,gluoncv==0.7.0
,ipython==7.14.0
,mmcv==0.4.4
,mmdet==0.6.2
,mxnet==1.6.0
"
coordination,"numpy==1.18.1
,colorlog==4.0.2
,gym==0.16.0
,h5py==2.9.0
,ipdb==0.12.2
,jupyter==1.0.0
,moviepy==1.0.0
,mpi4py==3.0.2
,mujoco-py==2.0.2.5
,opencv-python==4.1.0.25
,plotly==4.1.0
,pygame==1.9.6
,pyopengl==3.1.0
,pyquaternion==0.9.5
,scikit-image==0.15.0
,seaborn==0.9.0
,pillow<7
,torchvision==0.4.0
,wandb==0.8.9
,pyyaml==5.3
"
blackbox-adv-examples-signhunter,"numpy==1.18.3
,tensorflow==2.2.0rc3
,psutil==5.4.8
,torch==1.5.0+cu101
,scipy==1.4.1
,torchvision==0.6.0+cu101
,pandas==1.0.3
,matplotlib==3.2.1
,cma==3.0.3
,robustml==0.0.3
,scikit_learn==0.22.2.post1
"
code-for-paper,"matplotlib==3.2.1
,torch==1.5.0+cu101
,dill==0.3.1.1
,numpy==1.18.3
,gym==0.17.1
,tqdm==4.38.0
,cox==0.1.post2
,gitpython==3.1.1
,scikit_learn==0.22.2.post1
"
netrand,"scipy==1.4.1
,gym==0.17.1
,joblib==0.14.1
,torchvision==0.6.0+cu101
,tensorflow==2.2.0rc3
,numpy==1.18.3
,baselines==0.1.5
,mpi4py==3.0.3
,pillow==7.1.2
"
Variational-Recurrent-Models,"numpy==1.18.3
,gym==0.17.1
,torch==1.5.0+cu101
,docopt==0.6.2
,scipy==1.4.1
,roboschool==1.0.49
"
Robustness-Verification-for-Transformers,"torch>=1.3
,sklearn
,keras
,scipy
,pytorch_pretrained_bert
,tqdm
,pandas
"
mixout,"torch==1.5.0+cu101
"
